,Signatur,Titel,Zeit,Kontinent,Land,Kanton,Ort,E,N
0,Sozarch_F_5000-Dx-431,Kreistanz um ein loderndes Feuer,1931-1940,Europa,CH,,,,
1,Sozarch_F_5000-Dx-432,Prellen: Spiel im Freien - Kinder und Erwachsenen halten ein Tuch - Mädchen in die Luft springend,1931-1940,Europa,CH,,,,
2,Sozarch_F_5000-Dx-433,Vier Wandervögel sitzen auf einer Holzbank vor einem Haus; zwei spielen Gitarre,1931-1940,Europa,CH,,,,
3,Sozarch_F_5000-Dx-434,Kreistanz um ein loderndes Feuer,1931-1940,Europa,CH,,,,
4,Sozarch_F_5000-Dx-435,Mann Gitarre spielend,1931-1940,Europa,CH,,,,
5,Sozarch_F_5000-Dx-436,"Gruppe von Wandervögeln im Freien: Mädchen Gitarre spielend, Junge Geige spielend",1931-1940,Europa,CH,,,,
6,Sozarch_F_5000-Dx-437,Zwei Personen sitzen am Tisch und essen (Mahlzeit),1931-1940,Europa,CH,,,,
7,Sozarch_F_5000-Dx-438,Winterstimmung: Junge Männer auf der Strasse und beim Schlitteln,1931-1940,Europa,CH,,,,
8,Sozarch_F_5000-Dx-439,Junge Männer beim Essen,1931-1940,Europa,CH,,,,
9,Sozarch_F_5000-Dx-440,Junge Männer bei einer Rast auf einem Brunnen,1931-1940,Europa,CH,,,,
10,Sozarch_F_5000-Fx-001,Gruppenporträt vor der Wandervogel-Landsgemeinde auf der Kyburg (1910),1910,Europa,CH,ZH,Kyburg,698482,257153
11,Sozarch_F_5000-Fx-002,Versammelte Wandervögel an der Wandervogel-Landsgemeinde Kyburg (1910),1910,Europa,CH,ZH,Kyburg,698482,257153
12,Sozarch_F_5000-Fx-003,Tanzende Wandervögel an der Wandervogel-Landsgemeinde in Altenklingen (1913),1913,Europa,CH,TG,Märstetten,722639,272745
13,Sozarch_F_5000-Fx-004,Tanzende Wandervögel an der Wandervogel-Landsgemeinde in Altenklingen (1913),1913,Europa,CH,TG,Märstetten,722639,272745
14,Sozarch_F_5000-Fx-006,Wandervogel-Landsgemeinde auf dem Bantiger bei Bern - In Erwartung der Verpflegung (1914),1914,Europa,CH,BE,Bolligen,604386,202664
15,Sozarch_F_5000-Fx-007,Wandervogel-Landsgemeinde auf dem Bantiger bei Bern - Verhandlungen an der Landsgemeinde (1914),1914,Europa,CH,BE,Bolligen,604386,202664
16,Sozarch_F_5000-Fx-008,"Wandervogel-Landsgemeinde auf dem Bantiger bei Bern - Musizierende und tanzende Wandervögel um den Maibaum (Geige, Akkordeon) (1914)",1914,Europa,CH,BE,Bolligen,604386,202664
17,Sozarch_F_5000-Fx-009,"Wandervogel-Landsgemeinde auf dem Bantiger bei Bern - Musik um den Maibaum (Gitarre, Geige, Akkordeon) (1914)",1914,Europa,CH,BE,Bolligen,604386,202664
18,Sozarch_F_5000-Fx-010,Seilziehen an der Wandervogel-Landsgemeinde (1914 oder 1915),1915,Europa,CH,,,,
19,Sozarch_F_5000-Fx-011,Wandervogel-Landsgemeinde auf dem Bantiger bei Bern - Küche in Geristein - Frau Gitarre spielend (Pfingsten 1914),1914,Europa,CH,BE,Bolligen,604386,202664
20,Sozarch_F_5000-Fx-012,Wandervogel-Landsgemeinde auf dem Bantiger bei Bern - Frauen und Männer tanzen zu zweit im Freien (Pfingsten 1914),1914,Europa,CH,BE,Bolligen,604386,202664
21,Sozarch_F_5000-Fx-013,Wandervogel-Landsgemeinde bei Steinmaur (Heitlisberg): Der Bundesvorstandstisch mit acht jungen Männern im Freien - Schweizerfahne a,1915,Europa,CH,ZH,Steinmaur,676630,261426
22,Sozarch_F_5000-Fx-014,Wandervogel-Landsgemeinde bei Steinmaur (Heitlisberg) - Bild vom Landsgemeindeleben: Tanzen im Kreis auf der Wiese (1915),1915,Europa,CH,ZH,Steinmaur,676630,261426
23,Sozarch_F_5000-Fx-015,Wandervogel-Landsgemeinde bei Steinmaur (Heitlisberg) - Landsgemeinde aus der Ferne (1915),1915,Europa,CH,ZH,Steinmaur,676630,261426
24,Sozarch_F_5000-Fx-016,Wandervogel-Landsgemeinde bei Steinmaur (Heitlisberg) - Lagerleben im Freien (1915),1915,Europa,CH,ZH,Steinmaur,676630,261426
25,Sozarch_F_5000-Fx-018,Wandervogel-Landsgemeinde bei Steinmaur (Heitlisberg) -Tanzen im Kreis auf der Wiese (1915),1915,Europa,CH,ZH,Steinmaur,676630,261426
26,Sozarch_F_5000-Fx-019,Wandervogel-Landsgemeinde beim Schloss Buonas - Versammelte Zürcher Wandervogel-Mädchen vor dem alten Schloss (1916),1916,Europa,CH,ZG,Risch,677862,220696
27,Sozarch_F_5000-Fx-020,"Wandervogel-Landsgemeinde beim Schloss Buonas - Die Musikanten spielen zum Volkstanz auf (Gitarre, Geige, Querflöte) (1916)",1916,Europa,CH,ZG,Risch,677862,220696
28,Sozarch_F_5000-Fx-021,Wandervogel-Landsgemeinde beim Schloss Buonas - Köbi Flach (links) mit einem anderen Mann aus einer Schüssel essend (1916),1916,Europa,CH,ZG,Risch,677862,220696
29,Sozarch_F_5000-Fx-022,Wandervogel-Landsgemeinde beim Schloss Buonas - Versammelte Wandervögel am Zugersee (1916),1916,Europa,CH,ZG,Risch,677862,220696
30,Sozarch_F_5000-Fx-023,"Wandervogel-Landsgemeinde beim Schloss Buonas - Wanderer, zum Teil mit Rucksäcken, laufen in Gänsemarsch (1916)",1916,Europa,CH,ZG,Risch,677862,220696
31,Sozarch_F_5000-Fx-024,"Wandervogel-Landsgemeinde: Rosinli bei Adetswil, Züricher Oberland - Der neue Obmann (Heinrich Oberholzer) sein Amt antretend (1917)",1917,Europa,CH,ZH,Bäretswi,,
32,Sozarch_F_5000-Fx-025,"Wandervogel-Landsgemeinde: Rosinli bei Adetswil, Züricher Oberland - Carl Mäder zu den Wandervögeln redend (1917)",1917,Europa,CH,ZH,Bäretswi,,
33,Sozarch_F_5000-Fx-026,"Wandervogel-Landsgemeinde: Rosinli bei Adetswil, Züricher Oberland - Bild vom Tanzen und Musizieren (Gitarre, Geige, Querflöte) (191",1917,Europa,CH,ZH,Bäretswi,,
34,Sozarch_F_5000-Fx-027,"Wandervogel-Landsgemeinde: Rosinli bei Adetswil, Züricher Oberland - Zuschauer beim Spiel - Mann eine Geige spielend (1917)",1917,Europa,CH,ZH,Bäretswi,,
35,Sozarch_F_5000-Fx-028,"Wandervogel-Landsgemeinde: Rosinli bei Adetswil, Züricher Oberland - Bild vom Kochplatz (1917)",1917,Europa,CH,ZH,Bäretswi,,
36,Sozarch_F_5000-Fx-029,"Wandervogel-Landsgemeinde: Rosinli bei Adetswil, Züricher Oberland - Versammelte Wandervögel (vermutlich während der Verhandlungen)",1917,Europa,CH,ZH,Bäretswi,,
37,Sozarch_F_5000-Fx-030,"Wandervogel-Landsgemeinde: Rosinli bei Adetswil, Züricher Oberland - Spiel im Freien (1917)",1917,Europa,CH,ZH,Bäretswi,,
38,Sozarch_F_5000-Fx-031,Einzelporträt Heinrich Oberholzer,,,,,,,
39,Sozarch_F_5000-Fx-032,"Wandervogel-Landsgemeinde: Rosinli bei Adetswil, Züricher Oberland - Wandervögel tanzen zur viert auf der Wiese (1917)",1917,Europa,CH,ZH,Bäretswi,,
40,Sozarch_F_5000-Fx-033,Wandervogel-Landsgemeinde in Biberstein bei Aarau - Versammelte Wandervögel (vermutlich während der Verhandlungen) (1918),1918,Europa,CH,AG,Biberstein,648495,251881
41,Sozarch_F_5000-Fx-034,Wandervogel-Landsgemeinde in Biberstein bei Aarau - Versammelte Wandervögel im Schlosshof (Verpflegung und Unterkunft) (1918),1918,Europa,CH,AG,Biberstein,648495,251881
42,Sozarch_F_5000-Fx-035,"Wandervogel-Landsgemeinde in Biberstein bei Aarau - Musizierende (Gitarre, Geige) und tanzende Wandervögel auf der Wiese (1918)",1918,Europa,CH,AG,Biberstein,648495,251881
43,Sozarch_F_5000-Fx-036,Wandervogel-Landsgemeinde in Biberstein bei Aarau - Versammelte Wandervögel auf der Wiese (vermutlich beim Tanzen) (1918),1918,Europa,CH,AG,Biberstein,648495,251881
44,Sozarch_F_5000-Fx-037,Wandervogel-Landsgemeinde in Hombrechtikon - Walter Weber aus Basel für die Auflösung des bisherigen Wandervogel-Bundes sprechend (1,1919,Europa,CH,ZH,Hombrechtikon,700313,234409
45,Sozarch_F_5000-Fx-038,Wandervogel-Landsgemeinde in Hombrechtikon - Leitung der Landsgemeinde und abstimmende Wandervögel (1919),1919,Europa,CH,ZH,Hombrechtikon,700313,234409
46,Sozarch_F_5000-Fx-039,Wandervogel-Landsgemeinde in Hombrechtikon - Zwei Wandervögel (junger Mann und junge Frau) tanzen auf der Wiese (1919),1919,Europa,CH,ZH,Hombrechtikon,700313,234409
47,Sozarch_F_5000-Fx-040,Wandervogel-Landsgemeinde in Hombrechtikon - Musizierender Wandervogel (Gitarre) und versammelte Wandervögel um ihn herum (1919),1919,Europa,CH,ZH,Hombrechtikon,700313,234409
48,Sozarch_F_5000-Fx-041,Wandervogel-Landsgemeinde in Agasul - Gruppenporträt Wandervögel (1927),1927,Europa,CH,ZH,Illnau-E,,
49,Sozarch_F_5000-Fx-042,Wandervogel-Landsgemeinde in Agasul - Wandervögel spielen auf der Wiese (1927),1927,Europa,CH,ZH,Illnau-E,,
50,Sozarch_F_5000-Fx-043,"Wandervogel-Landsgemeinde in Agasul - Walter Furrer, Toni Portmann, Basel (1927)",,,,,,,
51,Sozarch_F_5000-Fx-044,"Wandervogel-Landsgemeinde in Agasul - Probe zum ""Grossen Weltfrieden"" (vermutlich ein Theaterstück) (1927)",1927,Europa,CH,ZH,Illnau-E,,
52,Sozarch_F_5000-Fx-045,"Wandervogel-Landsgemeinde in Agasul - Tizian Stahly (?), Fritz Christen (Burgdorf), Ernst Küng (1927)",1927,Europa,CH,ZH,Illnau-E,,
53,Sozarch_F_5000-Fx-046,"Wandervogel-Landsgemeinde in Adetswil - Versammelte Wandervögel im Kreis (einige Wandervögel spielen Gitarre, Geige und Mandoline) (",1925,Europa,CH,ZH,Bäretswi,,
54,Sozarch_F_5000-Fx-047,"Wandervogel-Landsgemeinde in Agasul - Zug zur Kyburg: Wandervögel, zum Teil eine Flagge tragend, laufen auf der Strasse (1927)",1927,Europa,CH,ZH,Kyburg,698482,257153
55,Sozarch_F_5000-Fx-048,Wandervogel-Landsgemeinde auf dem Sonnenberg - Leitung der Landsgemeinde und versammelte Wandervögel (vermutlich während der Verhand,1923,Europa,CH,,,,
56,Sozarch_F_5000-Fx-049,Willi Bachmann an der Wandervogel-Landsgemeinde auf dem Sonnenberg - Musizierender (Cello) und Partitur hebender Wandervogel (1923),1923,Europa,CH,,,,
57,Sozarch_F_5000-Fx-050,Ferienlager des Wandervogels Weissenberge ob Matt (Sernftal) - Gruppenporträt Wandervögel auf dem Gipfel (1924),1924,Europa,CH,GL,Glarus S,,
58,Sozarch_F_5000-Fx-051,Ferienlager des Wandervogels Weissenberge ob Matt (Sernftal) - Wandervogel in den Bergen (1924),1921-1930,Europa,CH,GL,Glarus S,,
59,Sozarch_F_5000-Fx-052,Wandervogel-Landsgemeinde beim Schloss Hallwil - Versammelte Wandervogel (auch Kleinkinder dabei) - Kinderwagen (1920),1920,Europa,CH,AG,Seengen,657785,242006
60,Sozarch_F_5000-Fx-053,Wandervogel-Landsgemeinde beim Schloss Hallwil - Versammelte Personen - Im Hintergrund ist das Schloss sichtbar (1920),1920,Europa,CH,AG,Seengen,657785,242006
61,Sozarch_F_5000-Fx-054,Wandervogel-Landsgemeinde beim Schloss Hallwil - Wandervögel (Männer) spielen mit dem Ball auf der Wiese (1920),1920,Europa,CH,AG,Seengen,657785,242006
62,Sozarch_F_5000-Fx-055,Wandervogel-Landsgemeinde beim Schloss Hallwil - Wandervögel bilden einen Kreis und halten ein viereckiges Tuch - Wandervogel in der,1920,Europa,CH,AG,Seengen,657785,242006
63,Sozarch_F_5000-Fx-056,Wandervogel-Landsgemeinde beim Schloss Hallwil - Wandervögel (Frauen) spielen mit dem Ball auf der Wiese (1920),1920,Europa,CH,AG,Seengen,657785,242006
64,Sozarch_F_5000-Fx-057,Wandervogel-Landsgemeinde beim Schloss Hallwil - Wandervögel bilden einen Kreis und halten ein kreisförmiges Tuch - Kind in der Mitt,1920,Europa,CH,AG,Seengen,657785,242006
65,Sozarch_F_5000-Fx-058,Wandervogel-Landsgemeinde beim Schloss Hallwil - Wandervögel bilden einen Kreis und halten ein kreisförmiges Tuch - Kind in der Mitt,1920,Europa,CH,AG,Seengen,657785,242006
66,Sozarch_F_5000-Fx-059,Wandervogel-Landsgemeinde in Hüttwilen - Wandervogel den Maibaum erkletternd (1921),1921,Europa,CH,TG,Hüttwilen,708065,274072
67,Sozarch_F_5000-Fx-060,Wandervogel-Landsgemeinde in Hüttwilen - Wandervögel mit nacktem Oberkörper sitzen auf der Wiese (1921),1921,Europa,CH,TG,Hüttwilen,708065,274072
68,Sozarch_F_5000-Fx-061,Wandervogel-Landsgemeinde in Hüttwilen - Wandervögel in Badeanzug am Ufer eines Flusses oder eines Sees (1921),1921,Europa,CH,TG,Hüttwilen,708065,274072
69,Sozarch_F_5000-Fx-062,Wandervogel-Landsgemeinde in Hüttwilen - Wandervögel laufen auf der Wiese und auf einem Schotterweg (1921),1921,Europa,CH,TG,Hüttwilen,708065,274072
70,Sozarch_F_5000-Fx-063,Wandervogel-Landsgemeinde in Hüttwilen - Abstimmende Wandervögel (1921),1921,Europa,CH,TG,Hüttwilen,708065,274072
71,Sozarch_F_5000-Fx-064,Wandervogel-Landsgemeinde in Teufen - Kleingruppe von Wandervögeln auf der Wiese sitzend - Ein Wandervogel Akkordeon spielend (1922),1922,Europa,CH,AR,,,
72,Sozarch_F_5000-Fx-065,Wandervogel-Landsgemeinde in Adetswil - Im Kreis versammelte Wandervögel (zum Teil Geige und Mandoline spielend) (1925),1925,Europa,CH,ZH,Bäretswi,,
73,Sozarch_F_5000-Fx-066,Wandervogel-Landsgemeinde in Adetswil - Versammelte Wandervögel sitzen auf der Wiese (1925),1925,Europa,CH,ZH,Bäretswi,,
74,Sozarch_F_5000-Fx-067,Wandervogel-Landsgemeinde in Hombrechtikon - Gruppenporträt verkleideter Wandervögel (vermutlich für eine Theateraufführung) (1930),1930,Europa,CH,ZH,Hombrechtikon,700313,234409
75,Sozarch_F_5000-Fx-068,"Wandervogel-Landsgemeinde in Hombrechtikon - Kleingruppe Wandervögel: Ein Junge eine Mandoline tragend, zwei Mädchen einen Kranz aus",1930,Europa,CH,ZH,Hombrechtikon,700313,234409
76,Sozarch_F_5000-Fx-069,"Wandervogel-Landsgemeinde in Rümlang - Wandervögel, zum Teil eine Fahne tragend, laufen auf einem Schotterweg - Ein Junge Geige spie",1932,Europa,CH,ZH,Rümlang,682507,256231
77,Sozarch_F_5000-Fx-070,"Wandervogel-Landsgemeinde in Brütten - Bob Zweifel, Bundesobmann 1933, eine Rede haltend (1933)",1933,Europa,CH,ZH,Brütten,693140,258880
78,Sozarch_F_5000-Fx-071,Wandervogel-Landsgemeinde in Brütten - Wanderung (1933),1933,Europa,CH,ZH,Brütten,693140,258880
79,Sozarch_F_5000-Fx-072,"Wandervogel-Landsgemeinde in Breite-Nürensdorf - Versammelte Wandervögel, zum Teil Gitarre, Geige und Mandoline spielend (1937)",1937,Europa,CH,ZH,Nürensdorf,691299,255947
80,Sozarch_F_5000-Fx-074,Wandervogel-Landsgemeinde in Bellikon - Abstimmende Wandervögel sitzen auf der Wiese (1944),1944,Europa,CH,AG,Bellikon,668759,249374
81,Sozarch_F_5000-Fx-075,Wandervogel-Landsgemeinde bei der Farnsburg in Ormalingen - Kleingruppe Wandervögel mit Fahnen (1945),1945,Europa,CH,BL,Ormalingen,632625,258124
82,Sozarch_F_5000-Fx-076,"Wandervogel-Landsgemeinde in Rekingen - Kleingruppe Wandervögel (Frauen), zum Teil Rucksack, Lagerpfanne oder Bergschuhen auf den Sc",1949,Europa,CH,AG,Rekingen,,
83,Sozarch_F_5000-Fx-077,Letzte Wandervogel-Landsgemeinde auf der Schafmatt bei Aarau - Kleingruppe Wandervögel auf der Wiese sitzend (1955),1955,Europa,CH,AG,Aarau,646060,248866
84,Sozarch_F_5000-Fx-078,Eine der letzten Fahrten des Wandervogels in den Freibergen - Winterstimmung (ungefähr 1955),1951-1960,Europa,CH,JU,,,
85,Sozarch_F_5000-Fx-079,"Wandervögel auf dem ""Kameel"" an der Gelbfluh (vermutlich bei der Barmelweid, in der Nähe von Erlinsbach, Kanton Aargau) (1914)",1914,Europa,CH,AG,Erlinsbach,643101,250896
86,Sozarch_F_5000-Fx-080,"Ortsgruppe Aarau Kantonsschule der Wandervögel - Auf der Suche nach dem ""Tal des Todes"" - Kleingruppe Wandervögel auf der Wiese sitz",1914,Europa,CH,AG,Aarau,646060,248866
87,Sozarch_F_5000-Fx-081,Ortsgruppe Aarau Kantonsschule auf einem Ausflug - Drei Wandervögel auf Max Frey Wasser spritzend (um 1914),1911-1920,Europa,CH,AG,Aarau,646060,248866
88,Sozarch_F_5000-Fx-082,Wandervogel-Ortsgruppe Aarau-Stadt - Gruppenporträt: Wandervögel sitzen auf der Wiese (1918),1918,Europa,CH,AG,Aarau,646060,248866
89,Sozarch_F_5000-Fx-083,Wandervogel-Ortsgruppe Aarau-Stadt - Gruppenporträt: Wandervögel (auch Kleinkinder) posieren vor einem Haus (1918),1918,Europa,CH,AG,Aarau,646060,248866
90,Sozarch_F_5000-Fx-084,"Mitglieder der Wandervogel-Ortsgruppe Aarau-Stadt sitzen am Tisch und haben vor sich alkoholische Getränke (1914) - ""Einige Mitglied",1914,Europa,CH,AG,Aarau,646060,248866
91,Sozarch_F_5000-Fx-085,Wandervogel-Ortsgruppe Aarau: Wandervögel tragen Skis auf den Schultern (vermutlich Skitour) (1912),1912,Europa,CH,AG,Aarau,646060,248866
92,Sozarch_F_5000-Fx-086,"Ruedi Laur, mit geschminktem Gesicht: Mitglied der Wandervogel-Ortsgruppe Aarau (1916)",1916,Europa,CH,AG,Aarau,646060,248866
93,Sozarch_F_5000-Fx-087,Einzelporträt Ruedi Laur: Mitglied der Wandervogel-Ortsgruppe Aarau (1916),,,,,,,
94,Sozarch_F_5000-Fx-088,"Gruppenporträt ""Meitli"" der Wandervogel-Ortsgruppe Aarau (1921)",1921,Europa,CH,AG,Aarau,646060,248866
95,Sozarch_F_5000-Fx-089,Faust - Marionetten-Theater der Wandervogel-Ortsgruppe Aarau (1917/18),1918,Europa,CH,AG,Aarau,646060,248866
96,Sozarch_F_5000-Fx-090,Wandervögel der Ortsgruppe Amriswil auf der Thurbrücke Bischofszell (1915),,,,,,,
97,Sozarch_F_5000-Fx-091,Mädchen der Wandervogel-Ortsgruppe Basel im Wald (1921),1921,Europa,CH,BS,Basel,611308,267305
98,Sozarch_F_5000-Fx-092,Wandervogel-Ortsgruppe Basel sitzen auf der Wiese (1945),1945,Europa,CH,BS,Basel,611308,267305
99,Sozarch_F_5000-Fx-093,Zwei Frauen der Wandervogel-Ortsgruppe Bern in der Selital (Ski-)Hütte lesen eine Zeitung - Eine Frau auf einem Holzstapel sitzend (,1920,Europa,CH,BE,Bern,601018,203269
100,Sozarch_F_5000-Fx-094,Gruppenporträt Wandervögel der Ortsgruppe Bern vor einer Hütte (vermutlich Selital) (1920),1920,Europa,CH,BE,Bern,601018,203269
101,Sozarch_F_5000-Fx-095,Wandervögel der Ortsgruppe Bern in Laupen - Mädchengruppe vor dem Tor (ein Mädchen Mandoline spielend) (1916),1916,Europa,CH,BE,Bern,601018,203269
102,Sozarch_F_5000-Fx-096,Wandervögel der Ortsgruppe Bern - Wanderung an den Oeschinensee (1920),1920,Europa,CH,BE,Bern,601018,203269
103,Sozarch_F_5000-Fx-097,Wandervögel der Ortsgruppe Bern am Murtensee - Ein Junge mit Badeanzug und mit Badetuch (Sommer 1914),1914,Europa,CH,BE,Bern,601018,203269
104,Sozarch_F_5000-Fx-098,Wandervögel der Ortsgruppe Bern tanzen auf der Wiese (1918),1918,Europa,CH,BE,Bern,601018,203269
105,Sozarch_F_5000-Fx-099,Wandervögel der Ortsgruppe Bern tanzen auf der Wiese (1918),1918,Europa,CH,BE,Bern,601018,203269
106,Sozarch_F_5000-Fx-100,Wandervögel der Ortsgruppe Bern - Zwei Wandervögel bei einer Winterwanderung auf dem Schnee (1918),1918,Europa,CH,BE,Bern,601018,203269
107,Sozarch_F_5000-Fx-101,Meitschi-Ortsgruppe der Wandervögel Bern - Drei Mädchen beim Reigenüben auf der Wiese (1931),,,,,,,
108,Sozarch_F_5000-Fx-102,"Skiausflug nach dem Schoberg der Wandervogelortsgruppe Biel - Gruppenporträt der Wandervögel, zum Teil mit den Skis, vor einer Hütte",1918,Europa,CH,BE,Biel,,
109,Sozarch_F_5000-Fx-103,Wandervögel der Ortsgruppe Frauenfeld - Walter Tuchschmid auf dem Brunnenstock (1913),1913,Europa,CH,TG,Frauenfeld,709857,268275
110,Sozarch_F_5000-Fx-104,Wandervögel der Ortsgruppe Heiden auf der Reise nach Brülisau - Wandervögel laufen in den Felden (1918),1918,Europa,CH,AR,,,
111,Sozarch_F_5000-Fx-105,Wandervögel der Ortsgruppe Heiden: Wandervögel bilden einen Menschenturm im Bodensee (1918),1918,Europa,CH,AR,,,
112,Sozarch_F_5000-Fx-106,Wandervögel der Ortsgruppe Horgen - Tour auf den Piz Ner,1918,Europa,CH,ZH,Horgen,687701,234938
113,Sozarch_F_5000-Fx-107,"Wandervögel der Ortsgruppe Kreuzlingen am Nussbaumersee: Zwei Wandervögel musizieren (Geige, Gitarre) (1930)",1930,Europa,CH,TG,Kreuzlingen,730329,278555
114,Sozarch_F_5000-Fx-108,Wandervögel der Ortsgruppe Kreuzlingen in Badeanzug sitzen auf der Landungsbrücke bei einem See (1930),1930,Europa,CH,TG,Kreuzlingen,730329,278555
115,Sozarch_F_5000-Fx-109,Wandervogelfahrt der Seminaristinnen 1910/14 der Ortsgruppe Küsnacht an den Bodensee - Wandervögel (junge Frauen) sitzen bei einem B,1913,Europa,CH,ZH,Küsnacht,,
116,Sozarch_F_5000-Fx-110,Wandervögel der Ortsgruppe Le Locle auf einer Wanderung im Jura (vermutlich etwa 1915),1911-1920,Europa,CH,NE,Le Locle,547645,212133
117,Sozarch_F_5000-Fx-111,"Ausflug der Wandervogel-Ortsgruppe Le Locle - Gruppenporträt Wandervögel (Männer), welche bei einem Holzsteg stehen oder sitzen (191",1916,Europa,CH,NE,Le Locle,547645,212133
118,Sozarch_F_5000-Fx-112,Wandervogelfahrt der Ortsgruppe Lenzburg - Wandervögel sitzen bei der Auffahrtsrampe (Hafenmole?) woran die Boote anlegen können (ve,1921-1930,Europa,CH,AG,Lenzburg,655924,248846
119,Sozarch_F_5000-Fx-113,Ausflug der Wandervogel-Ortsgruppe Lichtensteig-Toggenburg - Kleingruppe von Wandervögeln sitzen auf der Wiese: Drei Mädchen spielen,1914,Europa,CH,SG,Lichtensteig,724828,242950
120,Sozarch_F_5000-Fx-114,Wandervögel der Ortsgruppe Luzern - Wandervögel sitzen bei einer Lichtung und kochen im Freien (Sommer 1913),1913,Europa,CH,LU,"Luzern,",,
121,Sozarch_F_5000-Fx-115,Wandervögel der Ortsgruppe Aarau-Stadt - Sing- und Spieltour nach Schenkenberg - Rast auf der Wiese (1913),1913,Europa,CH,AG,Aarau,646060,248866
122,Sozarch_F_5000-Fx-116,"Ausflug der Wandervogel-Ortsgruppe Aarau-Stadt - Kleingruppe von Wandervögeln im Wald: Drei Wandervögel sitzen auf einem Ast, welche",1913,Europa,CH,AG,Aarau,646060,248866
123,Sozarch_F_5000-Fx-117,Die Gentlemens [sic]¨: Sieben Wandervögel in Herrenanzügen und mit Hüten posieren vor einem Heuverschlag - Wandervogel-Ortsgruppe Aa,1913,Europa,CH,AG,Aarau,646060,248866
124,Sozarch_F_5000-Fx-118,Geissberg-Wanderung der Wandervogel-Ortsgruppe Aarau-Stadt (1913),1913,Europa,CH,AG,Aarau,646060,248866
125,Sozarch_F_5000-Fx-119,"Wandervögel der Ortsgruppe Aarau-Stadt - ""Drecktour nach Laufenburg"": Drei Wandervögel am Ufer des Rheins ein Feuer vorbereitend (19",1913,Europa,CH,AG,Aarau,646060,248866
126,Sozarch_F_5000-Fx-120,"Wandervögel der Ortsgruppe Aarau-Stadt - ""Drecktour nach Laufenburg"": Vier Wandervögel am Ufer des Rheins (einer im Rhein stehend),",1913,Europa,CH,AG,Aarau,646060,248866
127,Sozarch_F_5000-Fx-121,Wandervögel der Ortsgruppe Olten vor dem Dorfbrunnen in Tennikon (ca. 1913),1911-1920,Europa,CH,SO,Olten,634756,244557
128,Sozarch_F_5000-Fx-122,Wandervögel der Ortsgruppe Oerlikon auf dem Weg zur Landsgemeinde am Pfäffikersee (1917),1917,Europa,CH,ZH,"Zürich,",,
129,Sozarch_F_5000-Fx-123,Wandervogelfahrt der Ortsgruppe Oerlikon: Sechs Wandervögel laufen auf einem Schotterweg (1914),1914,Europa,CH,ZH,"Zürich,",,
130,Sozarch_F_5000-Fx-124,Wandervogelfahrt der Ortsgruppe Schaffhausen: Wandervögel baden in einem See (vermutlich) (1914),1914,Europa,CH,SH,Schaffhausen,688739,285819
131,Sozarch_F_5000-Fx-125,Wandervogelfahrt der Ortsgruppe Schaffhausen: Gruppenporträt der Wandervögel auf der Wiese (1914),1914,Europa,CH,SH,Schaffhausen,688739,285819
132,Sozarch_F_5000-Fx-126,Wandervogelfahrt der Ortsgruppe Schwanden (Kanton Glarus) zur Rossglättli-Hütte - Wandervögel spielen mit dem Schnee (vermutlich Sch,1936,Europa,CH,GL,Glarus S,,
133,Sozarch_F_5000-Fx-127,Heimkehr von der Gislifluh - Wandervogelfahrt der Ortsgruppe Seon: Wandervögel stehen auf einem abgeholzten Baumstamm (1914),1914,Europa,CH,AG,Seon,654264,244174
134,Sozarch_F_5000-Fx-128,Burgruine Oberreinach (Römerswil): Wandervogelfahrt der Ortsgruppe Seon: Wandervögel bei der Ruine (1914),1914,Europa,CH,AG,Seon,654264,244174
135,Sozarch_F_5000-Fx-129,Weihnachtsfest der Wandervogelortsgruppe Seon: Wandervögel sitzen am Tisch; ein Mädchen Gitarre spielend (1915),1915,Europa,CH,AG,Seon,654264,244174
136,Sozarch_F_5000-Fx-130,"Mädchen der Wandervogelortsgruppe St. Gallen-Klösterli sitzen auf der Wiese, ein Mädchen Gitarre spielend (1920)",1920,Europa,CH,SG,St.,,
137,Sozarch_F_5000-Fx-131,Mädchen der Wandervogelortsgruppe St. Gallen-Klösterli in den Feldern (Juni 1920),1920,Europa,CH,SG,St.,,
138,Sozarch_F_5000-Fx-132,Mädchen der Wandervogelortsgruppe St. Gallen-Klösterli bei Schwellbrunn: Vier Mädchen einen Arm hochhaltend (ein Mädchen einen Stock,1920,Europa,CH,AR,,,
139,Sozarch_F_5000-Fx-133,"Fahrt von der alten zur neuen Hütte - Mädchen der Wandervogelortsgruppe St. Gallen-Klösterli: Gruppenporträt von sechs Mädchen, verm",1921,Europa,CH,SG,St.,,
140,Sozarch_F_5000-Fx-134,Fahrt der Mädchen der Wandervogelortsgruppe St. Gallen-Klösterli nach Frasnacht (Arbon) an den Bodensee: Mädchen beim See (Juni 1919,1919,Europa,CH,TG,Arbon,750505,264638
141,Sozarch_F_5000-Fx-135,Badefahrt an die Sitter mit der Schauspielerin Martha Möller - Mädchen der Wandervogelortsgruppe St. Gallen-Klösterli - Vier Mädchen,1920,Europa,CH,SG,St.,,
142,Sozarch_F_5000-Fx-136,Probe für die Tänze an der Wandervogel-Landsgemeinde in Hüttwilen - Mädchen der Wandervogel-Ortsgruppe St. Gallen-Klösterli (1921),1921,Europa,CH,TG,Hüttwilen,708065,274072
143,Sozarch_F_5000-Fx-137,Wandervögel der Ortsgruppe St. Gallen-Klösterli auf dem Weg (durch die Felder laufend) zur Wandervogel-Landsgemeinde in Teufen am Ir,1922,Europa,CH,SG,St.,,
144,Sozarch_F_5000-Fx-138,Grosse Sommerfahrt nach Engelberg/Engstlensee: Zwei Mädchen sitzen auf einem Stein und legen ihre Füsse in einen Bach - Mädchen der,1920,Europa,CH,OW,Engelberg,673650,185459
145,Sozarch_F_5000-Fx-139,Standquartier der Wandervogel-Ortsgruppe Wädenswil im Milchbühler Bisital - Gruppenporträt Wandervögel vor der Hütte (Standquartier),1913,Europa,CH,,Bisital,,
146,Sozarch_F_5000-Fx-140,Waldhütte am Fluhberg - Wandervogelortsgruppe Wädenswil - Wandervögel posieren vor und auf der Hütte (1914),1914,Europa,CH,,Fluhberg,,
147,Sozarch_F_5000-Fx-141,"Schwarzenberg Industria - Wandervogelfahrt der Ortsgruppe Winterthur - Skitour auf den Schwarzenberg: Rast auf dem Schnee, unter ein",1914,Europa,CH,,Schwarzenberg,,
148,Sozarch_F_5000-Fx-142,Schwarzenberg Industria - Wandervogelfahrt der Ortsgruppe Winterthur - Gruppenporträt Wandervögel beim Skitouren (auf den Schwarzenb,1914,Europa,CH,,Schwarzenberg,,
149,Sozarch_F_5000-Fx-143,Industrianer Winterthur auf Glarisegg - Wandervögel in Badeanzug liegen auf der Wiese (1914),1914,Europa,CH,TG,Steckborn,716022,280710
150,Sozarch_F_5000-Fx-144,Industria Winterthur - Wandervögel vorbereiten die Mahlzeit auf dem Feuer im Freien (vermutlich) - Karl Lange v/o Spatz aus Lodz (19,1914,Europa,CH,,,,
151,Sozarch_F_5000-Fx-145,Industrianer Winterthur vor einer Hütte (vermutlich SAC-Hütte) (1914),1914,Europa,CH,,,,
152,Sozarch_F_5000-Fx-146,Gruppenporträt der weiblichen Mitglieder der Humanitas Winterthur (1914),1914,Europa,CH,,,,
153,Sozarch_F_5000-Fx-147,Stöchlischpiel - Wandervögel der Ortsgruppe Winterthur spielen auf der Wiese (1912),1912,Europa,CH,,,,
154,Sozarch_F_5000-Fx-148,"Wandervögel der Ortsgruppe Winterthur am Osterfahrt - Volkstänze auf der Wiese - ""Vierer"" (1914)",1914,Europa,CH,,,,
155,Sozarch_F_5000-Fx-149,"Wandervögel der Ortsgruppe Winterthur bei der Thurmündung, zum Teil beim Abwaschen des Geschirrs (vermutlich Essnäpfe) (1919)",1919,Europa,CH,,Thurmündung,,
156,Sozarch_F_5000-Fx-150,"Wandervögel der Ortsgruppe Winterthur auf der Wiese, ein Junge Gitarre spielend (1912 oder 1914)",1914,Europa,CH,,,,
157,Sozarch_F_5000-Fx-151,Einzelporträt Walter Brack (Wandervogel der Ortsgruppe Winterthur) auf der Wiese Akkordeon spielend (etwa 1913),,,,,,,
158,Sozarch_F_5000-Fx-152,Hohen Krähen - Gruppenporträt der Wandervögel der Ortsgruppe Winterthur vor dem Tor einer Burgruine (vermutlich) (1912),1912,Europa,GER,Baden-Württemberg,Mühlhausen,,
159,Sozarch_F_5000-Fx-153,Wandervögel der Ortsgruppe Winterthur kochen auf dem Feuer (vermutlich in der Nähe der Ruine Helfenberg) (1912),1912,Europa,CH,ZH,Winterthur,697278,260896
160,Sozarch_F_5000-Fx-154,Wandervögel der Ortsgruppe Winterthur laufen auf dem Schnee während einem Säntis-Tour (ca. 1911),1911-1920,Europa,CH,AR,,,
161,Sozarch_F_5000-Fx-155,Bergtour: Rast der Wandervögel der Ortsgruppe Winterthur bei einem Holzkreuz - Ein Wandervogel eine Geige tragend (1912),1912,Europa,CH,,,,
162,Sozarch_F_5000-Fx-156,Wandervogel-Zusammentreffen auf dem Pfannenstiel - Wandervögel der Ortsgruppe Winterthur am Rand eines Waldes (1911),1911,Europa,CH,,Pfannenstiel,,
163,Sozarch_F_5000-Fx-157,Wandervögel der Ortsgruppe Winterthur am Lagerfeuer in der Nähe eines Seelis (vermutlich) - Drei Kinder anwesend - Ein Wandervogel G,1911-1920,Europa,CH,,Seelis,,
164,Sozarch_F_5000-Fx-158,"Gruppenporträt der Wandervögel-Ortsgruppe Zürich-Altstadt, die bei einem Bauernhof (vermutlich) sitzen (1912)",1912,Europa,CH,ZH,"Zürich,",,
165,Sozarch_F_5000-Fx-159,"Wandervögel der Ortsgruppe Zürich-Altstadt sitzen auf der Wiese, ein Mädchen Gitarre spielend (1914)",1914,Europa,CH,ZH,"Zürich,",,
166,Sozarch_F_5000-Fx-160,Gruppenporträt der Wandervögel der Ortsgruppe Zürich-Altstadt im Wald bei Zollikerberg (1913),1913,Europa,CH,ZH,"Zürich,",,
167,Sozarch_F_5000-Fx-161,Auf dem Schiff - Gruppenporträt Wandervögel der Ortsgruppe Zürich (1914),1914,Europa,CH,ZH,"Zürich,",,
168,Sozarch_F_5000-Fx-162,"Wandervögel der Ortsgruppe Zürich auf der Strasse, ein Wandervogel Trompete spielend (1913)",1913,Europa,CH,ZH,"Zürich,",,
169,Sozarch_F_5000-Fx-163,Einzelporträt Sophie Zoller (Wandervogel-Mädchen der Ortsgruppe Zürich) mit den Skis auf dem Schnee sitzend (Februar 1916),,,,,,,
170,Sozarch_F_5000-Fx-164,"Wandervögel der Ortsgruppe Zürich (OG Turicum) sitzen auf der Wiese beim Meilener Hüttli, ein Mädchen Akkordeon spielend (Sonnenwend",1916,Europa,CH,ZH,"Zürich,",,
171,Sozarch_F_5000-Fx-165,Wandervögel der Ortsgruppe Zürich sitzen auf einem Boot und auf einem Floss am See (1913),1913,Europa,CH,ZH,"Zürich,",,
172,Sozarch_F_5000-Fx-166,Wandervögel der Ortsgruppe Zürich beim Heimmarsch auf dem Zürichberg (1912),1912,Europa,CH,ZH,"Zürich,",,
173,Sozarch_F_5000-Fx-167,Gruppenporträt der Wandervögel der Ortsgruppe Zürich - Gründung der Ortsgruppe Turicum an der Wandervogel-Landsgemeinde (1916),1916,Europa,CH,ZH,"Zürich,",,
174,Sozarch_F_5000-Fx-168,Wandervögel der Ortsgruppe Zürich wandern in den Bergen (Tödifahrt) (Sommer 1941),1941,Europa,CH,ZH,"Zürich,",,
175,Sozarch_F_5000-Fx-169,Wandervögel der Ortsgruppe Zürich sitzen auf den Steinen bei einem Wasserlauf (vermutlich für eine Rast) (Tödifahrt) (Sommer 1941),1941,Europa,CH,ZH,"Zürich,",,
176,Sozarch_F_5000-Fx-170,"Wandervögel der Ortsgruppe Zürich, in Seilschaft auf dem Tödi (gedeckt mit Schnee) (Tödifahrt) (Sommer 1941)",1941,Europa,CH,ZH,"Zürich,",,
177,Sozarch_F_5000-Fx-171,Auf dem Jöriflesspass (Graubünden): Rast der Wandervögel in Graubünden (zwei Kinder anwesend) - Grosse Fahrt von Emmi Bloch (1887-19,1909,Europa,CH,GR,,,
178,Sozarch_F_5000-Fx-172,Livignotal - Wandervögel in Graubünden - Grosse Fahrt von Emmi Bloch (1887-1978) (1909),1909,Europa,IT,Lombardia,Livignotal,,
179,Sozarch_F_5000-Fx-173,Gruppenporträt der Wandervögel beim Quartier in Livigno - Wandervögel in Graubünden - Grosse Fahrt von Emmi Bloch (1887-1978) (1909),1909,Europa,IT,Lombardia,Livigno,,
180,Sozarch_F_5000-Fx-174,Rast auf der Forcola di Livigno - Wandervögel in Graubünden - Grosse Fahrt 1909 von Emmi Bloch (1887-1978) (1909),1909,Europa,CH,GR,Ital,,
181,Sozarch_F_5000-Fx-175,"Lager-Idylle (Poschiavo, Le Rese) - Wandervögel in Graubünden - Grosse Fahrt von Emmi Bloch (1887-1978) - Aufgehängte Wäsche - Wande",1909,Europa,CH,GR,Poschiavo,801993,133837
182,Sozarch_F_5000-Fx-176,Ansicht der Alp La Fopa (1800 m.) - Wandervögel in Graubünden - Grosse Fahrt von Emmi Bloch (1887-1978) (1909),1909,Europa,CH,GR,,,
183,Sozarch_F_5000-Fx-177,Beim Mittagsmahl - Wandervögel in Graubünden - Grosse Fahrt von Emmi Bloch (1887-1978) (1909),1909,Europa,CH,GR,,,
184,Sozarch_F_5000-Fx-178,Giacomopass - Grosse Fahrt von Emmi Bloch (1887-1978) - Wandervögel in Badeanzug bei einem Bach (1910),1910,Europa,CH,TI,,,
185,Sozarch_F_5000-Fx-179,Abends bei den Morasthütten - Wandervögel sitzen auf der Wiese - Grosse Fahrt von Emmi Bloch (1887-1978) (1910),1910,Europa,CH,TI,,,
186,Sozarch_F_5000-Fx-180,Marschbereit - Wandervögel in Seilschaft laufen auf dem Hohsandgletscher - Grosse Fahrt von Emmi Bloch (1887-1978) (1910),1910,Europa,IT,,,,
187,Sozarch_F_5000-Fx-181,"Am Sonntagmorgen in Binn (Binntal, Wallis): Dorfbewohner (vermutlich) bei der Brücke, im Hintergrund ist die Dorfkirche sichtbar - G",1910,Europa,CH,VS,Binntal,,
188,Sozarch_F_5000-Fx-182,Saasertal - Ansicht der Kirche; Wandervögel unterwegs mit Zeltplanen auf den Schultern (Regenschutz) - Grosse Fahrt von Emmi Bloch (,1910,Europa,CH,VS,,,
189,Sozarch_F_5000-Fx-183,Anzasca-Tal - Wandervögel bei einer Rast (Vermutlich) - Ansicht eines Bergdorfes - Grosse Fahrt von Emmi Bloch (1887-1978) (1910),1910,Europa,IT,,,,
190,Sozarch_F_5000-Fx-184,Lagerleben: Wandervögel im Tessin oder im Wallis - Grosse Fahrt von Emmi Bloch (1887-1978) (1910),1910,Europa,CH,TI,,,
191,Sozarch_F_5000-Fx-185,Wandervögel auf einem Schotterweg bei Olivone (Bleniotal) - Grosse Fahrt von Emmi Bloch (1887-1978) (1910),1910,Europa,CH,TI,Bleniotal,,
192,Sozarch_F_5000-Fx-186,Auf dem Jöriflesspass (Graubünden): Rast der Wandervögel in Graubünden (zwei Kinder anwesend) - Grosse Fahrt von Emmi Bloch (1887-19,1909,Europa,CH,GR,,,
193,Sozarch_F_5000-Fx-187,Wandervögel bei einem Bach im Graubünden - Grosse Fahrt von Peter Jud (1909),1909,Europa,CH,GR,,,
194,Sozarch_F_5000-Fx-188,Gruppenporträt der Wandervögel in Graubünden (vermutlich bei einem aus Gestein gemachten Brückenpfeiler) - Im Hintergrund sind die v,1909,Europa,CH,GR,,,
195,Sozarch_F_5000-Fx-189,Wandervögel bei einem See in Graubünden (ein Wandervogel im See stehend) - Grosse Fahrt von Peter Jud (1909),1909,Europa,CH,GR,,,
196,Sozarch_F_5000-Fx-190,Wandervögel in Graubünden beobachten die Landschaft: Ansicht der Berge und des Tals - Grosse Fahrt von Peter Jud (1909),1909,Europa,CH,GR,,,
197,Sozarch_F_5000-Fx-191,Nollen - Wandervögel tanzen auf der Wiese (1914),1914,Europa,CH,ZH,Winterth,,
198,Sozarch_F_5000-Fx-192,"Wandervögel der Ortsgruppe Winterthur auf der Wiese, ein Junge Gitarre spielend (1912 oder 1914)",1914,Europa,CH,,,,
199,Sozarch_F_5000-Fx-193,Tisch der Bundesleitung an der Wandervogel-Landsgemeinde Steinmaur (Heitliberg) - Wandervögel sitzen auf der Wiese (1915),1915,Europa,CH,ZH,Steinmaur,676630,261426
200,Sozarch_F_5000-Fx-194,Menschenmenge auf der Wiese an der Wandervogel-Landsgemeinde in Steinmaur (Heitliberg) (1915),1915,Europa,CH,ZH,Steinmaur,676630,261426
201,Sozarch_F_5000-Fx-195,Wandervögel bilden einen Kreis auf der Wiese (vermutlich für einen Tanz) an der Wandervogel-Landsgemeinde bei Buonas am Zugersee - M,1916,Europa,CH,ZG,Risch,677862,220696
202,Sozarch_F_5000-Fx-196,"Kayen - Vier Wandervögel (Männer) mit nacktem Oberkörper liegen oder sitzen auf der Wiese - ""Sonne!"" (Ostern 1914)",1914,Europa,CH,ZH,Winterth,,
203,Sozarch_F_5000-Fx-197,Rast (vermutlich) beim Aufstieg auf die Fuorcla Surlej - [Fuorcla Surlej bei Silvaplana und St. Moritz] (Sommer 1913),1913,Europa,CH,GR,,,
204,Sozarch_F_5000-Fx-198,An der Tränke - Wandervögel trinken aus einem kleinen Bach in den Bergen (Sommer 1913),1913,Europa,CH,ZH,Winterth,,
205,Sozarch_F_5000-Fx-199,Karl Beck erzählt einen Witz - Wandervögel kochen auf dem Feuer in den Bergen in Engadin (Sommer 1913),1913,Europa,CH,GR,,,
206,Sozarch_F_5000-Fx-200,"Der erste Blätz - Wandervogel, barfuss, in den Bergen in Engadin sitzend (vermutlich eine Luftblase am Fuss pflegend) (1913)",1913,Europa,CH,ZH,Winterth,,
207,Sozarch_F_5000-Fx-201,"¨""Schuhnägelparade"" - Fünf Wandervögel der Wandervogel-Ortsgruppe Aarau liegen mit dem Bauch auf der Wiese - Fotoalbum von Paul Burk",1912,Europa,CH,AG,Aarau,646060,248866
208,Sozarch_F_5000-Fx-202,Rast auf der Wiese der Wandervogel-Ortsgruppe Aarau (vermutlich während einer Wanderung) - Fotoalbum von Paul Burkhart (1913),1913,Europa,CH,AG,Aarau,646060,248866
209,Sozarch_F_5000-Fx-203,Kopfparade - Wandervögel der Wandervogel-Ortsgruppe Aarau bilden einen Menschenhaufen auf der Wiese - Fotoalbum von Paul Burkhart (1,1913,Europa,CH,AG,Aarau,646060,248866
210,Sozarch_F_5000-Fx-204,"Wandervögel der Wandervogel-Ortsgruppe ""nach dem Mittagessen"" (vermutlich während eines Lagers) - Fotoalbum von Paul Burkhart (1913)",1913,Europa,CH,AG,Aarau,646060,248866
211,Sozarch_F_5000-Fx-205,Wandervogel-Landsgemeinde auf dem Bantiger bei Bern: Versammelte Wandervögel sitzen auf der Wiese - Fotoalbum von Paul Burkhart (191,1914,Europa,CH,BE,Bolligen,604386,202664
212,Sozarch_F_5000-Fx-206,Wandervögel der Wandervogelortsgruppe Aarau kochen auf dem Feuer (am Pilatus über dem Nebelmeer) - Fotoalbum von Paul Burkhart (Nove,1915,Europa,CH,NW,,,
213,Sozarch_F_5000-Fx-207,Wandervögel der Wandervogel-Ortsgruppe Aarau sitzen auf einem Boot oder stehen im See - Fotoalbum von Paul Burkhart (1913),1913,Europa,CH,AG,Aarau,646060,248866
214,Sozarch_F_5000-Fx-208,Gruppenporträt der Wandervogel-Ortsgruppe Zürich-Altstadt während einer Mahlzeit im Wald (1912),1912,Europa,CH,ZH,"Zürich,",,
215,Sozarch_F_5000-Fx-209,Wandervögel der Wandervogel-Ortsgruppe Zürich-Altstadt sitzen oder stehen bei einem abgeholzten Stammbaum während einer Mahlzeit (19,1912,Europa,CH,ZH,"Zürich,",,
216,Sozarch_F_5000-Fx-210,Wandervögel der Wandervogel-Ortsgruppe Zürich-Altstadt bilden eine horizontale Kette und gehen mit den Nachbarn Arm in Arm eingehack,1912,Europa,CH,ZH,"Zürich,",,
217,Sozarch_F_5000-Fx-211,Wandervögel der Wandervogel-Ortsgruppe Zürich-Altstadt spielen (vermutlich) auf der Wiese (1912),1912,Europa,CH,ZH,"Zürich,",,
218,Sozarch_F_5000-Fx-212,Wandervogel-Ortsgruppe Zürich-Altstadt (1912),1912,Europa,CH,ZH,"Zürich,",,
219,Sozarch_F_5000-Fx-213,"Gruppenporträt der Wandervogel-Ortsgruppe Zürich-Altstadt , welche im Wald (vermutlich) sitzen oder stehen (1912)",1912,Europa,CH,ZH,"Zürich,",,
220,Sozarch_F_5000-Fx-214,Wandervogel (Mädchen) der Wandervogel-Ortsgruppe Zürich-Altstadt Akkordeon spielend (1914),1914,Europa,CH,ZH,"Zürich,",,
221,Sozarch_F_5000-Fx-215,Wandervogel (Mädchen) der Wandervogel-Ortsgruppe Zürich-Altstadt mit den Skis auf dem Schnee (1914),1914,Europa,CH,ZH,"Zürich,",,
222,Sozarch_F_5000-Fx-216,Wandervögel der Wandervogel-Ortsgruppe Zürich-Altstadt bilden eine horizontale Kette und gehen mit den Nachbarn Arm in Arm eingehack,1914,Europa,CH,ZH,"Zürich,",,
223,Sozarch_F_5000-Fx-217,Wandervogel-Ortsgruppe Zürich-Altstadt: Mann in Militäruniform (vermutich) mit zwei Wandervögeln (1914),1914,Europa,CH,ZH,"Zürich,",,
224,Sozarch_F_5000-Fx-218,Wandervögel der Wandervogel-Ortsgruppe Zürich-Altstadt bilden einen Kreis und halten ein Tuch - Junge in der Mitte des Tuches in die,1914,Europa,CH,ZH,"Zürich,",,
225,Sozarch_F_5000-Fx-219,Wandervogel-Ortsgruppe Zürich-Altstadt bei einem Ausflug (vermutlich) - Überschwemmung in Locarno (1914),1914,Europa,CH,ZH,"Zürich,",,
226,Sozarch_F_5000-Fx-220,Wandervögel der Wandervogel-Ortsgruppe Winterthur in Engadin: Lagerleben - Ein Wandervogel Gitarre spielend (1926),1926,Europa,CH,,Engadin,,
227,Sozarch_F_5000-Fx-221,Wandervögel der Wandervogel-Ortsgruppe Winterthur in Engadin - Lagerleben (vermutlich) (1926),1926,Europa,CH,,Engadin,,
228,Sozarch_F_5000-Fx-222,"Wandervögel der Wandervogel-Ortsgruppe Winterthur sitzen auf der Wiese, am Rand eines Waldes (vermutlich), in Engadin (1926)",1926,Europa,CH,,Engadin,,
229,Sozarch_F_5000-Fx-224,Mitglied der Wandervogel-Ortsgruppe Winterthur im Freien kochend (1926),1926,Europa,CH,,,,
230,Sozarch_F_5000-Fx-225,Gruppenporträt der Wandervogel-Ortsgruppe Winterthur am Bözberg (1925),1925,Europa,CH,,Bözberg,,
231,Sozarch_F_5000-Fx-226,Wandervögel der Ortsgruppe Winterthur liegen auf der Wiese eines Kirchenkreuzgangs (vermutlich) in Morcote - Teilansicht des Glocken,1927,Europa,CH,,Morcote,,
232,Sozarch_F_5000-Fx-227,Ferienwoche der Wandervogel-Ortsgruppe Winterthur in Hinter-Goldingen: Lagerleben (1927),1927,Europa,CH,,Hinter-Goldingen,,
233,Sozarch_F_5000-Fx-228,Berner Wandervögel sitzen auf der Wiese bei der Senggihütte am Niesen (beim Lesen eines Buches oder beim Gitarre Spielen) (1916),1916,Europa,CH,BE,Aeschi bei,,
234,Sozarch_F_5000-Fx-229,Wandervogel auf der Senggi am Niesen ob Reichenbach wandernd (1916),1916,Europa,CH,BE,Bern,601018,203269
235,Sozarch_F_5000-Fx-230,Wandervögel in einem Wald beim Krauchthal (1916),1916,Europa,CH,BE,Krauchthal,609877,206445
236,Sozarch_F_5000-Fx-231,Wandervögel OG Bern trinken (vermutlich bei einer Rast) in der Nähe eines Waldes und eines Bachs (1916),1916,Europa,CH,BE,Bern,601018,203269
237,Sozarch_F_5000-Fx-232,Berner Wandervögel auf dem Lämmerengletscher (in Seilschaft) (1916),1916,Europa,CH,,Lämmerengletscher,,
238,Sozarch_F_5000-Fx-233,Gruppenporträt der Wandervögel OG St. Gallen in Birrwil am Hallwilersee (vermutlich an der Landsgemeinde) - Zwei Wandervögel haben e,1912,Europa,CH,SG,St.,,
239,Sozarch_F_5000-Fx-234,Tanzende Wandervögel auf dem Rossbüchel (1914),1914,Europa,CH,SG,Grub,,
240,Sozarch_F_5000-Fx-235,Tanzende Wandervögel auf dem Bantiger bei Bern (vermutlich während der Wandervogel-Landsgemeinde) - Wandervogel Geige spielend (1914,1914,Europa,CH,BE,Bolligen,604386,202664
241,Sozarch_F_5000-Fx-236,Tanzende Wandervögel bei Steinmaur (Heitliberg) (vermutlich während der Wandervogel-Landsgemeinde) (1915),1915,Europa,CH,ZH,Steinmaur,676630,261426
242,Sozarch_F_5000-Fx-237,Tanzende Wandervögel bei Steinmaur (Heitliberg) (vermutlich während der Wandervogel-Landsgemeinde) (1915),1915,Europa,CH,ZH,Steinmaur,676630,261426
243,Sozarch_F_5000-Fx-238,Stube der (Wandervogel-)Hütte Girlen bei Ebnat-Kappel - Holzhofen und Gitarre (1912),1912,Europa,CH,SG,Ebnat,,
244,Sozarch_F_5000-Fx-239,Wasserfahrt auf der Au: Wandervögel kochen auf dem Feuer in der Nähe des Flusses (vermutlich) (1914),1914,Europa,CH,,,,
245,Sozarch_F_5000-Fx-240,Wasserfahrt auf der Au: Zwei Frauen rudern auf einem Ruderboot (1914),1914,Europa,CH,,,,
246,Sozarch_F_5000-Fx-241,Wasserfahrt (1914),1914,Europa,CH,,,,
247,Sozarch_F_5000-Fx-242,An den Faletschen (?) - Wandervögel schauen das Panorama während einer Wanderung (vermutlich) (1915),1915,Europa,CH,ZH,,,
248,Sozarch_F_5000-Fx-243,"Drei Wandervögel (Frauen) liegen ode sitzen auf der Wiese, ein Junge Gitarre spielend (1915)",1915,Europa,CH,,,,
249,Sozarch_F_5000-Fx-244,Hinter dem Bauernhaus in Orvin wird eifrig gegessen (1942),1942,Europa,CH,BE,Orvin,583146,223154
250,Sozarch_F_5000-Fx-245,Auf dem Hochplateau wird ein hitziger Völkerball ausgefochten - Tanzende Wandervögel auf der Wiese in Orvin (1942),1942,Europa,CH,BE,Orvin,583146,223154
251,Sozarch_F_5000-Fx-246,Schnappschuss aus dem hitzigen Völkerball in Orvin (1942),1942,Europa,CH,BE,Orvin,583146,223154
252,Sozarch_F_5000-Fx-247,"Das Hofsingen kann beginnen - Gruppenporträt Wandervögel: Zwei Wandervögel spielen Gitarre, ein Wandervogel Geige tragend (1936)",1936,Europa,CH,BE,Orvin,583146,223154
253,Sozarch_F_5000-Fx-248,Morgenfeier - Versammelte Wandervögel auf der Wiese: Zwei Wandervögel spielen Gitarre (1937),1937,Europa,CH,BE,Orvin,583146,223154
254,Sozarch_F_5000-Fx-249,Wandervögel fahren mit den Velos: Abfahrt an (sic) der Reuchenettestrasse (1942),1942,Europa,CH,BE,Orvin,583146,223154
255,Sozarch_F_5000-Fx-250,Wandervogel-Landsgemeinde auf dem Sonnenberg (?) - Versammelte Wandervögel auf der Wiese vor einem Bauernhof (1922),1921-1930,Europa,CH,SG,St.,,
256,Sozarch_F_5000-Fx-251,Wandervogel-Landsgemeinde auf dem Sonnenberg (?) - Wandervögel bei einem Spiel (vermutlich) im Freien (1922),1921-1930,Europa,CH,,,,
257,Sozarch_F_5000-Fx-254,"Wandervögel sitzen auf der Wiese, ein Wandervogel Mandoline spielend, ein Wandervogel die Geige tragend - OG Züri-Züri am Zugersee (",1919,Europa,CH,ZH,"Zürich,",,
258,Sozarch_F_5000-Fx-255,Wandervögel tanzen auf der Wiese - OG Züri-Züri am Zugersee (1919),1919,Europa,CH,ZH,"Zürich,",,
259,Sozarch_F_5000-Fx-256,Wandervogel-Landsgemeinde in Hombrechtikon - Wandervögel bei einem Spiel (vermutlich) im Freien (1919),1919,Europa,CH,ZH,Hombrechtikon,700313,234409
260,Sozarch_F_5000-Fx-257,Wandervogel-Landsgemeinde in Hombrechtikon - Ein Wandervogel Gitarre spielend; versammelte Wandervögel stehen oder sitzen rund um de,1919,Europa,CH,ZH,Hombrechtikon,700313,234409
261,Sozarch_F_5000-Fx-258,Wandervogel-Landsgemeinde in Hombrechtikon - Einzelporträt Wandervogel Gitarre spielend (1919),1919,Europa,CH,ZH,Hombrechtikon,700313,234409
262,Sozarch_F_5000-Fx-259,"Wandervögel, zum Teil mit nacktem Oberkörper, rennen auf der Wiese (vermutlich beim Spielen) - Führertag Fischbach (Herbst 1919)",1919,Europa,CH,,,,
263,Sozarch_F_5000-Fx-260,Wandervögel spielen (vermutlich) auf der Wiese - Führertag Fischbach (Herbst 1919),1919,Europa,CH,,,,
264,Sozarch_F_5000-Fx-261,Wandervogel-Landsgemeinde beim Schloss Hallwil - Wandervögel spielen (vermutlich) auf der Wiese (Pfingsten 1920),1920,Europa,CH,AG,Seengen,657785,242006
265,Sozarch_F_5000-Fx-262,Wandervogel-Landsgemeinde beim Schloss Hallwil - Wandervögel spielen mit einem Ball im Freien (1920),1920,Europa,CH,AG,Seengen,657785,242006
266,Sozarch_F_5000-Fx-263,Wandervögel sitzen im Wald: Zusammenkunft Aargau & Basel auf der Schafmatt (1920),1920,Europa,CH,,,,
267,Sozarch_F_5000-Fx-264,Versammelte Wandervögel auf der Wiese an der Wandervogel-Landsgemeinde in Hüttwilen (1921),1921,Europa,CH,TG,Hüttwilen,708065,274072
268,Sozarch_F_5000-Fx-265,Zwei Wandervögel (Frauen) sitzen und liegen auf der Wiese während der Wandervogel-Landsgemeinde in Hüttwilen - Eine junge Frau ihren,1921,Europa,CH,TG,Hüttwilen,708065,274072
269,Sozarch_F_5000-Fx-266,Versammelte Wandervögel beim Maibaum an einer Wandervogel-Landsgemeinde (um 1920),1921-1930,Europa,CH,,,,
270,Sozarch_F_5000-Fx-267,Theater spielende Wandervögel im Freien (um 1920),1921-1930,Europa,CH,,,,
271,Sozarch_F_5000-Fx-268,"Mädchen einer Zürcher Wandervogelgruppe liegen oder sitzen auf der Wiese (vermutlich nach einer Mahlzeit, da eine Kochpfanne und zwe",1921-1930,Europa,CH,ZH,,,
272,Sozarch_F_5000-Fx-269,Drei Wandervögel spielen Querflöte und ein Wandervogel spielt Geige in einer mit einem Tuch gebauten Hütte im Wald (um 1921),1921-1930,Europa,CH,,,,
273,Sozarch_F_5000-Fx-270,Prellen - Spiel im Freien: Wandervögel halten ein Tuch: In der Mitte des Tuches ein Wandervogel in die Luft springend (1920),1920,Europa,CH,,,,
274,Sozarch_F_5000-Fx-271,Zwei tanzende Wandervögel im Freien (um 1920),1921-1930,Europa,CH,,,,
275,Sozarch_F_5000-Fx-272,Fahrt der Wandervogel-Mädchen Richterswil - Wandervögel rutschen auf dem Schnee anhand eines Tuches (vermutlich) (1921),1921,Europa,CH,,,,
276,Sozarch_F_5000-Fx-273,"Fahrt der Wandervogel-Mädchen Richterswil - Wandervögel sitzen vor einem Bauernhof (vermutlich), Trudy Sennhauser die Gitarre auf de",1921,Europa,CH,,,,
277,Sozarch_F_5000-Fx-275,Gruppenporträt von Schweizerwandervögeln auf einer Schwarzwaldfahrt (1908),1908,Europa,GER,,,,
278,Sozarch_F_5000-Fx-276,Gruppenporträt der Wandervögel in Lugano (um 1910),1901-1910,Europa,CH,TI,Lugano,716806,95995
279,Sozarch_F_5000-Fx-277,Von einer Bündnerfahrt - Drei Kinder tragen einen Stock und posieren zusammen mit Kühen auf einem Saumpfad (1913),1913,Europa,CH,GR,,,
280,Sozarch_F_5000-Fx-278,Von einer Bündnerfahrt - Drei Erwachsene und drei Kinder sitzen auf einer Holzbank vor einem Haus (1913),1913,Europa,CH,GR,,,
281,Sozarch_F_5000-Fx-279,"Ansicht vom Aabach und von der Brücke bei Hallwil, Aargau (1914)",1914,Europa,CH,AG,Hallwil,655731,242242
282,Sozarch_F_5000-Fx-280,Wandervogel-Ortsgruppe Aarau-Kantonsschule beim Herdbau im Jura (um 1914),1911-1920,Europa,CH,AG,Aarau,646060,248866
283,Sozarch_F_5000-Fx-281,Bei einer Rast (vermutlich) während einer Wanderung - Auf Krüzlipass (?) [Krüzlipass bei Sedrun] (1914),1914,Europa,CH,GR,,,
284,Sozarch_F_5000-Fx-282,"Bei einer Rast (vermutlich) während einer Wanderung: Wandervögel spielen Gitarre, Geige und Querflöte - Vor der Sefinenfurgge [Sefin",1914,Europa,CH,BE,,,
285,Sozarch_F_5000-Fx-283,Gruppenporträt der Wandervogel-Ortsgruppe Turicum bei einem Brunnen vor einem Bauernhof (1914),1914,Europa,CH,ZH,"Zürich,",,
286,Sozarch_F_5000-Fx-284,"Gruppenporträt der Wandervögel, welche, zusammen mit einem Kalb, bei einem Bretterzaun posieren - Drei Wandervögel spielen Gitarre (",1911-1920,Europa,CH,,,,
287,Sozarch_F_5000-Fx-285,"Zürcher Wandervögel in den verschneiten Bergen (Engadin) - Zwei Wandervögel spielen Block- und Querflöte, vier Wandervögel tanzen au",1911-1920,Europa,CH,ZH,,,
288,Sozarch_F_5000-Fx-286,"Wandervogel-Bundeshütte bis 1914 - Beschriftung: ""Gr. Hotel Wandervogel"" Golzeren",1914,Europa,CH,UR,,,
289,Sozarch_F_5000-Fx-287,Gruppenporträt der Wandervögel vor der Kientalhütte (Sommer 1913),1913,Europa,CH,BE,Reichenbac,,
290,Sozarch_F_5000-Fx-288,"Gruppenporträt der Wandervögel auf dem Dach (Dach mit Schindeln) der Butzenalp-Wandervogelhütte - Ein Wandervogel Gitarre spielend,",1915,Europa,CH,SZ,Riemenst,,
291,Sozarch_F_5000-Fx-289,"Winkelweid bei Wildhaus (Golzern, Maderanertal) - Wandervögel spielen mit Spielkarten - Petroleumlampe (Weihnachten 1913)",1913,Europa,CH,UR,,,
292,Sozarch_F_5000-Fx-290,Familie Hausknecht (1914),1914,Europa,CH,,,,
293,Sozarch_F_5000-Fx-291,Herr Hausknecht mit Kind (1914),1914,Europa,CH,,,,
294,Sozarch_F_5000-Fx-292,Wandervogel-Landsgemeinde in Kyburg - Wandervögel sitzen am Tisch im Freien (1910),1910,Europa,CH,ZH,Kyburg,698482,257153
295,Sozarch_F_5000-Fx-293,Gruppenporträt der Wandervögel an der Wandervogel-Landsgemeinde in Birrwil am Hallwilersee (1912),1912,Europa,CH,AG,Birrwil,657421,237973
296,Sozarch_F_5000-Fx-294,Wandervögel an der Wandervogel-Landsgemeinde in Altenklingen sitzen und tanzen auf der Wiese - Im Hintergrund ist das Schloss Altenk,1913,Europa,CH,TG,Märstetten,722639,272745
297,Sozarch_F_5000-Fx-295,"Wandervogel-Landsgemeinde auf dem Bantiger bei Bern: Die Leitung (vermutlich) am Tisch sitzend, ein Wandervogel eine Rede haltend (1",1914,Europa,CH,BE,Bolligen,604386,202664
298,Sozarch_F_5000-Fx-296,Wandervögel an der Wandervogel-Landsgemeinde bei Steinmaur (Heitliberg) tanzen auf der Wiese (1915),1915,Europa,CH,ZH,Steinmaur,676630,261426
299,Sozarch_F_5000-Fx-297,Gruppenporträt der Wandervögel (die Mehrheit von ihnen den Essnapf in den Händen tragend) an der Wandervogel-Landsgemeinde bei Stein,1915,Europa,CH,ZH,Steinmau,,
300,Sozarch_F_5000-Fx-298,Gruppenporträt der Wandervögel in den Bergen (1914),1914,Europa,CH,,,,
301,Sozarch_F_5000-Fx-299,"Wandervögel sitzen auf der Wiese am Rand eines Wald; ein Wandervogel Gitarre, ein Wandervogel Blockflöte spielend (1914)",1914,Europa,CH,,,,
302,Sozarch_F_5000-Fx-300,Versammelte Wandervögel sitzen auf der Wiese an der Wandervogel-Landsgemeinde in Biberstein - Ein Wandervogel anhand eines Stativs m,1918,Europa,CH,AG,Biberstein,648495,251881
303,Sozarch_F_5000-Fx-301,Gruppenporträt der Zürcher Ortsgruppe (?) an der Wandervogel-Landsgemeinde in Biberstein - Steinpflaster (1918),1918,Europa,CH,ZH,"Zürich,",,
304,Sozarch_F_5000-Fx-302,Zwei tanzende Wandervögel am Rand eines Waldes (um 1914),1911-1920,Europa,CH,,,,
305,Sozarch_F_5000-Fx-303,"Drei Wandervögel sitzen auf einem Ruderboot, ein Wandervogel rudernd (1914)",1914,Europa,CH,,,,
306,Sozarch_F_5000-Fx-304,"Wandervogelgruppe auf der Wiese sitzend, ein Wandervogel Gitarre spielend (1914)",1914,Europa,CH,,,,
307,Sozarch_F_5000-Fx-305,Wandervögel sitzen im Wald während der Ferienwoche in Feldis (1923),1923,Europa,CH,GR,Tomils,,
308,Sozarch_F_5000-Fx-306,Wandervogel auf einem Skitour (vermutlich) rund um Feldis (1923),1923,Europa,CH,GR,Tomils,,
309,Sozarch_F_5000-Fx-307,Wandervogel-Landsgemeinde auf dem Sonnenberg - Wandervögel sitzen auf der Wiese und schöpfen die Speise aus der Pfanne - Radfahrer/i,1923,Europa,CH,,,,
310,Sozarch_F_5000-Fx-308,Versammelte Wandervögel an der Wandervogel-Landsgemeinde auf dem Sonnenberg (1923),1923,Europa,CH,,,,
311,Sozarch_F_5000-Fx-309,Wandervögel sind während der Wandervogel-Landsgemeinde am Himmelbach in Oberglatt unterwegs - Riegelbau (1924),1924,Europa,CH,ZH,Oberglatt,,
312,Sozarch_F_5000-Fx-310,Einzelporträt Josef Spichtig in den Bergen (1918),,,,,,,
313,Sozarch_F_5000-Fx-311,Wandervögel warten auf die Speise - Holzöfen und Kochkessel (1918),1918,Europa,CH,,,,
314,Sozarch_F_5000-Fx-312,"Tanzende Wandervögel auf der Wiese, ein Wandervogel Gitarre spielend (1918)",1918,Europa,CH,,,,
315,Sozarch_F_5000-Fx-313,Wandervögel vor dem Denkmal der Schlacht von Näfels (1920),1920,Europa,CH,GL,Glarus N,,
316,Sozarch_F_5000-Fx-314,Tanzende Wandervögel (an einer Wandervogel-Landsgemeinde?) (1920),1920,Europa,CH,,,,
317,Sozarch_F_5000-Fx-315,Wandervögel bei einer Rast (vermutlich) während einer Wanderung (1920),1920,Europa,CH,,,,
318,Sozarch_F_5000-Fx-316,Wandervögel bei einer Rast (vermutlich) während einer Wanderung (1920),1920,Europa,CH,,,,
319,Sozarch_F_5000-Fx-317,Tanzende Wandervögel (an einer Landsgemeinde?) (1920),1920,Europa,CH,,,,
320,Sozarch_F_5000-Fx-318,"Gruppenporträt dreier Wandervögel auf der zum Teil verschneiten Wiese, ein Wandervogel uniformiert (Militäruniform?) (1918)",1918,Europa,CH,,,,
321,Sozarch_F_5000-Fx-319,"Gruppenporträt Urner Wandervögel, ein Wandervogel die Fahne tragend (1920)",1920,Europa,CH,UR,,,
322,Sozarch_F_5000-Fx-320,"In der Bude: Wandervögel sitzen am Tisch und singen, ein Wandervogel Geige spielend (1918)",1918,Europa,CH,GR,Chur,759706,190691
323,Sozarch_F_5000-Fx-321,Musizierende Wandervögel (Geige und Querflöte) in der Nähe eines Steinmauers - Hund (1918),1918,Europa,CH,,,,
324,Sozarch_F_5000-Fx-322,Bündner Wandervögel auf einer Skitour (1918),1918,Europa,CH,GR,,,
325,Sozarch_F_5000-Fx-323,Churer Kadettenkorps beim Exerzieren (1916),1916,Europa,CH,,,,
326,Sozarch_F_5000-Fx-324,Churer Wandervögel beim Bocksprung im Freien Spielen (1918),1918,Europa,CH,,,,
327,Sozarch_F_5000-Fx-325,"Versammelte Wandervögel (an einer Landsgemeinde?), zwei Wandervögel spielen Geige, ein Wandervogel Klarinette spielend (1920)",1920,Europa,CH,,,,
328,Sozarch_F_5000-Fx-326,"Wandervögel spielen im Freien: Zwei Wandervögel tragen auf den eigenen Schultern zwei andere Wandervögel, welche einen Kampf zwische",1920,Europa,CH,,,,
329,Sozarch_F_5000-Fx-327,"Hans Biäsch, Max Jenny und Edi Noser in den Bergen (1920)",,,,,,,
330,Sozarch_F_5000-Fx-328,Hans Biäsch mit anderen Bündner Wandervögeln bei einem Rast (vermutlich) während einer Wanderung - Wandervögel tragen Hämmer und Pic,1920,Europa,CH,GR,,,
331,Sozarch_F_5000-Fx-329,Bündner Wandervogel lässt sich behandeln (Blase am Fuss vermutlich) (1920),1920,Europa,CH,GR,,,
332,Sozarch_F_5000-Fx-330,"Wandervögel ""beim Handball"" spielen (1920)",1920,Europa,CH,,,,
333,Sozarch_F_5000-Fx-331,Rast hinter Elm - Wandervögel mit nacktem Oberkörper sitzen und liegen am Ufer eines Flusses in den Bergen (Sommer 1922),1922,Europa,CH,GL,Glarus S,,
334,Sozarch_F_5000-Fx-332,"Gruppenporträt der ""Arboner Zigeuner"" an der Wandervogel-Landsgemeinde auf dem Sonnenberg (1920)",1920,Europa,CH,,Sonnenberg,,
335,Sozarch_F_5000-Fx-333,"Wandervögel stapeln Äste für den ""Augustfeuer"" - Ferienlager Weissenberge (ob Matt, in Sernftal) (vermutlich) (1924)",1924,Europa,CH,GL,Glarus S,,
336,Sozarch_F_5000-Fx-334,"Rast der Wandervögel während einer Wanderung in die Berge in der ""Ferienwoche Weissenberge"" (ob Matt, in Sernftal) (1924)",1924,Europa,CH,GL,Glarus S,,
337,Sozarch_F_5000-Fx-335,Funken an einer Landsgemeinde (der Wandervögel): Wandervögel bilden einen Kreis und halten sich Hand bei der Hand um den Lagerfeuer,1935,Europa,CH,,,,
338,Sozarch_F_5000-Fx-336,Gruppenporträt der Basler Wandervögel während einer Jurafahrt (1936),1936,Europa,CH,BS,Basel,611308,267305
339,Sozarch_F_5000-Fx-337,Basler Wandervögel kochen im Freien auf dem Feuer während einer Jurafahrt (1936),1936,Europa,CH,BS,Basel,611308,267305
340,Sozarch_F_5000-Fx-338,Eine Jurafahrt der Basler Wandervögel: Wandervogel (Mann) den Fuss eines Wandervogels (Frau) berührend und andere Wandervögel zuscha,1936,Europa,CH,BS,Basel,611308,267305
341,Sozarch_F_5000-Fx-339,"Mahlzeit (vermutlich) der Basler Wandervögel während einer ""Fahrt"" - Teilansicht eines Velos (1935)",1935,Europa,CH,BS,Basel,611308,267305
342,Sozarch_F_5000-Fx-340,Zwei Wandervögel mit Badeanzug stehen im Wasser (vermutlich in einem See) (1935),1935,Europa,CH,BS,Basel,611308,267305
343,Sozarch_F_5000-Fx-341,Zwei Wandervögel (links Ruth Pestalozzi) umarmen sich (1935),1935,Europa,CH,,,,
344,Sozarch_F_5000-Fx-342,Frühlingsfahrt in die Vogesen: Wandervögel essen aus ihren Essnäpfen (1910),1910,Europa,FRA,,,,
345,Sozarch_F_5000-Fx-343,"Grosse Fahrt auf den Greinapass - Unterkunft in Somvix - Gruppenporträt der Wandervögel vor dem Gebäude mit dem Schild ""Post Bureau",1910,Europa,CH,GR,Sumvitg,714691,176317
346,Sozarch_F_5000-Fx-344,Schweizer Wandervögel im Volksschlafhaus in Mailand (1912),1912,Europa,IT,Lombardia,Milano,,
347,Sozarch_F_5000-Fx-345,Wandervögel in einem Zeltlager bei Ghirone (1912),1912,Europa,CH,TI,Blenio,,
348,Sozarch_F_5000-Fx-346,Wandervögel wandern in der Nähe des Piz Grisch (1912),1912,Europa,CH,GR,Savognin,765807,162772
349,Sozarch_F_5000-Fx-347,Gruppenporträt der Wandervögel auf dem Pizzo Lucendro (1912),1912,Europa,CH,TI,,,
350,Sozarch_F_5000-Fx-348,"Wandervögel auf der Steinbergalp (1912), vermutlich im Lauterbrunnental",1912,Europa,CH,BE,,,
351,Sozarch_F_5000-Fx-349,"Wandervögelswanderung in den Bergen - Drei Wandervögel sitzen rittlings auf zwei Baumstämme, welche als Brücke für die Überquerung e",1918,Europa,CH,,,,
352,Sozarch_F_5000-Fx-350,Rastende Wandervögel während einer Wanderung (1918),1918,Europa,CH,,,,
353,Sozarch_F_5000-Fx-351,Morgentoilette auf der Alp: Wandervögel waschen sich an einem Brunnen (1918),1918,Europa,CH,,,,
354,Sozarch_F_5000-Fx-352,Sommerfahrt bei den Mythen (vermutlich) - Wandervögel kochen auf dem Feuer (1910),1910,Europa,CH,SZ,,,
355,Sozarch_F_5000-Fx-353,Rastende Wandervögel auf der Forcellina während einer Sommerfahrt (1909),1909,Europa,CH,GR,Avers,,
356,Sozarch_F_5000-Fx-354,Blick ins Puschlav (?) - Rastende Wandervögel während einer Sommerfahrt - Im Hintergrund ist ein Gletscher sichtbar (1909),1909,Europa,CH,GR,,,
357,Sozarch_F_5000-Fx-355,Dr Roos behandelt einen Fusskranken (Verrenkung des Fussknöchels?) in den Bergen (1918),1918,Europa,CH,,,,
358,Sozarch_F_5000-Fx-356,Gruppenporträt der Wandervögel der Ortsgruppe Aarau während einer Sommerfahrt - Ein Wandervogel die Fahne der Ortsgruppe (vermutlich,1912,Europa,CH,AG,Aarau,646060,248866
359,Sozarch_F_5000-Fx-357,Hotel Wandervogel auf Golzern im Maderanertal (1912),1912,Europa,CH,UR,,,
360,Sozarch_F_5000-Fx-358,Das Müsli - Hütte der Zürcher Wandervögel (1914),1914,Europa,CH,ZH,,,
361,Sozarch_F_5000-Fx-359,"Singende Wandervögel sitzen auf der Wiese, ein Wandervogel Akkordeon spielend (1912)",1912,Europa,CH,,,,
362,Sozarch_F_5000-Fx-360,"Max Suter bei der Grenzbesetzung während des Ersten Weltkriegs - Beschriftung auf der Hütte: ""Armee suisse, schweizerische Armee, 19",1916,Europa,CH,,,,
363,Sozarch_F_5000-Fx-361,Gruppenporträt vom Zentralfest der Helvetia (1906),1906,Europa,CH,,,,
364,Sozarch_F_5000-Fx-362,Gruppenporträt (Männer) vom Zentralfest der Helvetia (1906),1906,Europa,CH,,,,
365,Sozarch_F_5000-Fx-363,"Mitglieder der Patria Basel, in Badeanzug, stehen im Wasser in einer Schilffläche (um 1902)",1901-1910,Europa,CH,BS,Basel,611308,267305
366,Sozarch_F_5000-Fx-364,"Skilager Obstalden: Zwei lachende Wandervögel vor dem Skilagerhaus, ein dritter Wandervogel eine Tabakpfeife rauchend (1910/11)",1910,Europa,CH,GL,Glarus N,,
367,Sozarch_F_5000-Fx-365,Skilager Gamperdon: Wandervögel mit den Skis posieren vor dem Sklilagerhaus (1907/08),1907,Europa,CH,SG,Flum,,
368,Sozarch_F_5000-Fx-366,Skilager in Gamperdon: Wandervögel mit den Skis und zum Teil mit den Rucksäcken vor dem Skilagerhaus (1907/08),1907,Europa,CH,SG,Flum,,
369,Sozarch_F_5000-Fx-367,Skilager Obstalden: Liegende Wandervögel auf einer Blätterschicht in einer Hütte (vermutlich) (1910/11),1910,Europa,CH,GL,Glarus N,,
370,Sozarch_F_5000-Fx-368,Skilager Feldis: Wandervögel sitzen am Tisch im Freien und schöpfen die Speise (Dezember 1912),1912,Europa,CH,GR,Tomils,,
371,Sozarch_F_5000-Fx-369,Skilager der Berner Wandervögel: Wandervögel sitzen auf einem grossen Schlitten (vermutlich Vorbereitung bevor dem Abfahrt) (1912),1912,Europa,CH,BE,,,
372,Sozarch_F_5000-Fx-370,Skifahrender Wandervogel auf einem Alpengipfel während eines Skitours (1912),1912,Europa,CH,,,,
373,Sozarch_F_5000-Fx-371,Frauenfelder auf einer Siblingerrandenfahrt - Wandervögel beobachten eine Landkarte (vermutlich) während einer Wanderung - Hund (191,1913,Europa,CH,,,,
374,Sozarch_F_5000-Fx-372,Zwei Wandervögel mit Gitarren und Rucksäcken stehen auf der Wiese (1912),1912,Europa,CH,,,,
375,Sozarch_F_5000-Fx-373,"Tanzende Wandervögel bei einem ""Volkstanz im Walde"" (1913)",1913,Europa,CH,,,,
376,Sozarch_F_5000-Fx-374,"Wandervögel sitzen auf der Wiese, zwei Wandervögel spielen Gitarre (1912)",1912,Europa,CH,,,,
377,Sozarch_F_5000-Fx-375,Wandervögel sitzen auf der Wiese und essen aus ihren Essnäpfen (1912),1912,Europa,CH,,,,
378,Sozarch_F_5000-Fx-376,Musizierende (mit Mandolinen und mit Geige) und singende Wandervögel im Freien (1925),1925,Europa,CH,,,,
379,Sozarch_F_5000-Fx-377,Tränen hab' ich viele vergossen: Abreisende (vermutlich) Wandervögel mit Rucksäcken und Gepäcken (1925),1925,Europa,CH,,,,
380,Sozarch_F_5000-Fx-378,Grosse Wäsche in der Scaletta: Wandervögel (Frauen) beim Haarwaschen (1925) (Im Camadratal ist die Scalettahütte verortet: Der Wasse,1925,Europa,CH,TI,,,
381,Sozarch_F_5000-Fx-379,"Frühlingsferienlager in Hinter-Goldingen - ""Maggisuppe mit Rosapuda"": Wandervögel sitzen vor dem Lagerhaus (vermutlich) und essen au",1925,Europa,CH,SG,Goldingen,715660,235780
382,Sozarch_F_5000-Fx-380,Zwei Wandervögel wandern über den Julier und Sprungpass (?) und helfen sich gegenseitig (vermutlich) beim Klettern auf steinigem Gel,1925,Europa,CH,GR,,,
383,Sozarch_F_5000-Fx-381,Sommerfahrt nach Deutschland: Drei Wandervögel (Mädchen) sitzen in einem Strandkorb am Nordseestrand (vermutlich); zwei Wandervögel,1927,Europa,GER,,,,
384,Sozarch_F_5000-Fx-382,Ferienwoche in Egschi: Wandervögel stehen vor einem Waggon oder zeigen sich am Fenster des Waggons - Ein Wandervogel eine Fahne trag,1926,Europa,CH,GR,Tenna,744985,179118
385,Sozarch_F_5000-Fx-383,Führertag in Staufen: Versammelte Wandervögel stehen vor einem Haus - Musizierende Wandervögel (mit Gitarren und Mandolinen) (1925),1925,Europa,CH,AG,Staufen,654691,248020
386,Sozarch_F_5000-Fx-384,Theater spielende Wandervögel am Rand eines Waldes (1925),1925,Europa,CH,,,,
387,Sozarch_F_5000-Fx-385,Wandervögel auf einem Schiffsausflug (1925),1925,Europa,CH,,,,
388,Sozarch_F_5000-Fx-386,Zusammenkünfte der OG Aarau und Olten - Gruppenporträt der Wandervögel auf der Gislifluh - Triangulationspunkt (1911 oder 1912),1911,Europa,CH,AG,Aarau,646060,248866
389,Sozarch_F_5000-Fx-387,"Zusammenkünfte der OG Aarau und Olten - Gruppenporträt der Wandervögel im Wald (vermutlich beim Egelsee im Kanton Aargau, zwischen S",1911,Europa,CH,AG,Aarau,646060,248866
390,Sozarch_F_5000-Fx-388,Zusammenkunft auf der Schafmatt (nähe Aarau) des Bundesvorstandes mit Basler Buben. Kapuzinerpredigt (1920),1920,Europa,CH,BS,Basel,611308,267305
391,Sozarch_F_5000-Fx-389,Zusammenkunft auf der Schafmatt (Nähe Aarau) des Bundesvorstandes mit Basler Buben (1920),1920,Europa,CH,BS,Basel,611308,267305
392,Sozarch_F_5000-Fx-390,"Zusammenkunft auf der Schafmatt (Nähe Aarau) des Bundesvorstandes mit Basler Buben. ""Masso und Müsli"" (Max Jenny, Hans Leuzinger) au",1920,Europa,CH,BS,Basel,611308,267305
393,Sozarch_F_5000-Fx-391,Zusammenkunft auf der Schafmatt (Nähe Aarau) des Bundesvorstandes mit Basler Buben - Drei Wandervögel in einem Dorf (1920),1920,Europa,CH,BS,Basel,611308,267305
394,Sozarch_F_5000-Fx-392,Zusammenkunft auf der Schafmatt (Nähe Aarau) des Bundesvorstandes mit Basler Buben - Hans Leuzinger mit einem Wandervogel; ein Wande,1920,Europa,CH,BS,Basel,611308,267305
395,Sozarch_F_5000-Fx-393,Versammelte Wandervögel auf der Wiese am Westschweizerischen Wandervogeltag in Magglingen - Ein Wandervogel Akkordeon spielend (1912,1912,Europa,CH,BE,Evilard,584907,222112
396,Sozarch_F_5000-Fx-394,Gruppenporträt der Wandervögel am Westschweizerischen Wandervogeltag in Magglingen (1912),1912,Europa,CH,BE,Evilard,584907,222112
397,Sozarch_F_5000-Fx-395,Wandervögel am Westschweizerischen Wandervogeltag in Magglingen sitzen auf der Wiese und essen aus ihren Essnäpfen (1912),1912,Europa,CH,BE,Evilard,584907,222112
398,Sozarch_F_5000-Fx-396,Wandervögel am Westschweizerischen Wandervogeltag in Magglingen kochen auf dem Feuer - Ein Wandervogel Klarinette spielend (1912),1912,Europa,CH,BE,Evilard,584907,222112
399,Sozarch_F_5000-Fx-397,1. Führertag in Fischbach bei Bremgarten (AG): Anmarsch (Herbst 1919),1919,Europa,CH,AG,Fischbach-Göslik,,
400,Sozarch_F_5000-Fx-398,"1. Führertag in Fischbach bei Bremgarten (AG): ""Prellen"": Spiel im Freien: Ein Wandervogel in die Luft springend (Herbst 1919)",1919,Europa,CH,AG,Fischbach-Göslik,,
401,Sozarch_F_5000-Fx-399,1. Führertag in Fischbach bei Bremgarten (AG): Wandervögel spielen auf der Wiese (Herbst 1919),1919,Europa,CH,AG,Fischbach-Göslik,,
402,Sozarch_F_5000-Fx-400,"1. Führertag in Fischbach bei Bremgarten (AG): ""Prellen"": Spiel im Freien: Wandervögel halten ein Tuch: In der Mitte des Tuches ein",1919,Europa,CH,AG,Fischbach-Göslik,,
403,Sozarch_F_5000-Fx-401,1. Führertag in Fischbach bei Bremgarten (AG): Wandervögel spielen auf der Wiese (Herbst 1919),1919,Europa,CH,AG,Fischbach-Göslik,,
404,Sozarch_F_5000-Fx-402,Wandervogeltreffen: EM 2 - Zwei Wandervögel laufen auf einem Schotterweg und ziehen einen Wagen mit Gepäcken (vermutlich 1919),1911-1920,Europa,CH,,,,
405,Sozarch_F_5000-Fx-403,"Wandervogeltreffen: EM 2 - Karl Hollenstein. Bremgartenstrasse, Dietikon - Ein Wandervogel Gitarre spielend (vermutlich 1919)",1911-1920,Europa,CH,ZH,Dietikon,672846,250903
406,Sozarch_F_5000-Fx-404,Wandervogeltreffen: EM 5 - Wandervögel sitzen auf der Wiese bei einer Mahlzeit - Velo (1930),1930,Europa,CH,,,,
407,Sozarch_F_5000-Fx-405,Wandervogeltreffen: Führertag Wohlen - Wandervögel sitzen auf einer Sitzbank vor einem Haus - Ein Wandervogel Gitarre spielend (ca.,1931-1940,Europa,CH,AG,Wohlen,,
408,Sozarch_F_5000-Fx-406,Zusammenkunft auf der Gislifluh (ob Biberstein bei Aarau): Versammelte Wandervögel sitzen auf der Wiese (1913),1913,Europa,CH,AG,,,
409,Sozarch_F_5000-Fx-407,Zusammenkunft von Wandervögeln am Katzensee: Wandervögel bei einem Lagerfeuer (vermutlich) (1913),1913,Europa,CH,ZH,"Zürich,",,
410,Sozarch_F_5000-Fx-408,Am Brunnen hinter der Schlafbaracke am Führertag Aarau: Wartende Wandervögel auf das Abwaschen des Essnapfes (1913),1913,Europa,CH,AG,Aarau,646060,248866
411,Sozarch_F_5000-Fx-409,Zusammenkunft auf der Küssaburg: Wandervögel sitzen auf der Wiese bei einer Mahlzeit (1914),1914,Europa,GER,Baden-Württemberg,,,
412,Sozarch_F_5000-Fx-410,Zusammenkunft auf der Küssaburg: Tanzende Wandervögel vor der Burg (1914),1914,Europa,GER,Baden-Württemberg,,,
413,Sozarch_F_5000-Fx-411,Trefffahrt in Gnadenthal: Rastende Wandervögel sitzen auf der Wiese (1916),1916,Europa,CH,AG,Niederwil,,
414,Sozarch_F_5000-Fx-412,Zuhörer am Altwandervogeltag in Seuzach (1916),1916,Europa,CH,ZH,Seuzach,697860,265866
415,Sozarch_F_5000-Fx-413,Treffahrt in der Salpeterhöhle bei Flawil der Meitli-Ortsgruppe St. Gallen-Klösterli: Drei Mädchen sitzen in der Grotte (1921),1921,Europa,CH,SG,St.,,
416,Sozarch_F_5000-Fx-414,Verkleidete Wandervögel stehen auf der Wiese am Rand eines Waldes (1935),1935,Europa,CH,,,,
417,Sozarch_F_5000-Fx-415,Herbsttreffen am Greifensee: In weiss angekleideten Mädchen tanzen auf der Wiese (1931),1931,Europa,CH,ZH,,,
418,Sozarch_F_5000-Fx-416,Wandervögel mit Badeanzug baden im Walensee oder stehen am Ufer des Sees - Parkierte Velos - Wandervogel einen Ball in den Händen tr,1935,Europa,CH,SG,,,
419,Sozarch_F_5000-Fx-417,Einzelporträt Grete Elsasser-Unterkulm an einer Wandervogelzusammenkunft auf der Schafmatt bei Aarau (1921),,,,,,,
420,Sozarch_F_5000-Fx-418,"Wandervogel-Landsgemeinde in Otelfingen - ""Kriegsspiel zwischen Aargauer und Zürcher Wandervögeln"" - Lagerleben: Wandervögel kochen",1935,Europa,CH,ZH,Otelfingen,671516,257224
421,Sozarch_F_5000-Fx-419,Wandervogel-Landsgemeinde in Otelfingen - Vermutlich singende Wandervögel - Im Hintergrund Teilansicht eines Velos und eines Fahrrad,1935,Europa,CH,ZH,Otelfingen,671516,257224
422,Sozarch_F_5000-Fx-420,Wandervogel-Landsgemeinde in Otelfingen - Ein Wandervogel auf einem Wegweiser sitzend und mit einem Fotoapparat fotografierend - Weg,1935,Europa,CH,ZH,Otelfingen,671516,257224
423,Sozarch_F_5000-Fx-421,Wandervogel-Landsgemeinde in Otelfingen - Versammelte Wandervögel sitzen auf der Wiese (1935),1935,Europa,CH,ZH,Otelfingen,671516,257224
424,Sozarch_F_5000-Fx-422,Versammelte Wandervögel sitzen auf der Wiese während der Wandervogel-Landsgemeinde in Otelfingen - Ein Mädchen eine Geige tragend (1,1935,Europa,CH,ZH,Otelfingen,671516,257224
425,Sozarch_F_5000-Fx-423,Wandervogel-Landsgemeinde in Otelfingen - Ein Bub eine Fahne tragend (1935),1935,Europa,CH,ZH,Otelfingen,671516,257224
426,Sozarch_F_5000-Fx-424,"Wandervogel-Landsgemeinde in Otelfingen - Gret Nyffeler ""im Sprung"" (vermutlich bei einem Spiel) (1935)",1935,Europa,CH,ZH,Otelfingen,671516,257224
427,Sozarch_F_5000-Fx-425,Wandervogel-Landsgemeinde in Otelfingen - Zwei Wandervögel bei einer akrobatischen Übung (1935),1935,Europa,CH,ZH,Otelfingen,671516,257224
428,Sozarch_F_5000-Fx-426,Wandervogel-Landsgemeinde in Otelfingen - Wandervögel beim Seilziehen (1935),1935,Europa,CH,ZH,Otelfingen,671516,257224
429,Sozarch_F_5000-Fx-427,Versammelte Wandervögel sitzen auf der Wiese während der Wandervogel-Landsgemeinde in Otelfingen (1935) - Ein Bub eine Katze tragend,1935,Europa,CH,ZH,Otelfingen,671516,257224
430,Sozarch_F_5000-Fx-428,Wandervogel-Landsgemeinde in Otelfingen - Wandervögel tragen einige Pfannen (1935),1935,Europa,CH,ZH,Otelfingen,671516,257224
431,Sozarch_F_5000-Fx-429,"Wandervogel-Landsgemeinde in Otelfingen - Versammelte Wandervögel sitzen auf der Wiese, in der Nähe einer Ackerfläche (vermutlich) (",1935,Europa,CH,ZH,Otelfingen,671516,257224
432,Sozarch_F_5000-Fx-430,Wandervogel-Landsgemeinde in Otelfingen - Turi (Arthur) Rüegger und der Wandervogelvorstand (1935),1935,Europa,CH,ZH,Otelfingen,671516,257224
433,Sozarch_F_5000-Fx-458,"Wandervogel-Führerlager Egschi im Safiental: ""Els und Vren auf der Friedhofmauer in Tenna"" (1926)",1926,Europa,CH,GR,Tenna,744985,179118
434,Sozarch_F_5000-Fx-459,"Wandervogel-Führerlager Egschi im Safiental: ""Jazz Band"" musizierend (Gitarre und Schüsseln, welche als Trommeln benutzt werden) (19",1926,Europa,CH,GR,Tenna,744985,179118
435,Sozarch_F_5000-Fx-460,"Wandervogel-Führerlager Egschi im Safiental: "" In der Stube beim Nidelessen"" (1926)",1926,Europa,CH,GR,Tenna,744985,179118
436,Sozarch_F_5000-Fx-461,"Wandervogel-Führerlager Egschi im Safiental: ""Rudi nach dem Sturz"" (mit hängendem Arm) (1921)",1926,Europa,CH,GR,Tenna,744985,179118
437,Sozarch_F_5000-Fx-462,Maitli Gautag Lutzelau baden im Zürichsee (1926),1926,Europa,CH,SZ,,,
438,Sozarch_F_5000-Fx-463,Maitli Gautag Lutzelau baden im Zürichsee - Im Hintergrund ist ein Schiff sichtbar (1926),1926,Europa,CH,SZ,,,
439,Sozarch_F_5000-Fx-464,Maitli Gautag Lutzelau sitzen auf einem Ruderboot und rudern (nur Teilansicht) (1926),1926,Europa,CH,SZ,,,
440,Sozarch_F_5000-Fx-465,Maitli Gautag Lutzelau sitzen auf einem Ruderboot und rudern - Badende Mädchen im Zürichsee (1926),1926,Europa,CH,SZ,,,
441,Sozarch_F_5000-Fx-466,"Maitli Gautag Lutzelau: Unser Tee auf der Lützelau"" (1926)",1926,Europa,CH,SG,Rapp,,
442,Sozarch_F_5000-Fx-467,"Wandervogel-Führerlager Egschi im Safiental: ""Unser Haus von Egschi"" (1926)",1926,Europa,CH,GR,Tenna,744985,179118
443,Sozarch_F_5000-Fx-468,"Wandervogel-Führerlager Egschi im Safiental: ""De schwirig Volksgsang"" (1926)",1926,Europa,CH,GR,Tenna,744985,179118
444,Sozarch_F_5000-Fx-469,Wandervogel-Führerlager Egschi im Safiental: Wandervögel sitzen oder stehen auf der Wiese (1926),1926,Europa,CH,GR,Tenna,744985,179118
445,Sozarch_F_5000-Fx-470,Wandervogel-Führerlager Egschi im Safiental: Wandervögel bei einer Wanderung (1926),1926,Europa,CH,GR,Tenna,744985,179118
446,Sozarch_F_5000-Fx-471,"Wandervogel-Führerlager Egschi im Safiental: Wandervögel sitzen auf der Wiese, vielleicht in der Nähe eines Waldes (1926)",1926,Europa,CH,GR,Tenna,744985,179118
447,Sozarch_F_5000-Fx-472,Hans Freienmuth in Egschi  (1926),1926,Europa,CH,GR,Tenna,744985,179118
448,Sozarch_F_5000-Fx-473,In Noiraigue: Mit Zeltplanen aufgebauter Schuppen (vermutlich für einen Markt) und aufgestellte Gegenstände (z. B. Regenschirme) - M,1920,Europa,CH,NE,Val-d,,
449,Sozarch_F_5000-Fx-474,"Jura-Wanderung: Wandervögel sitzen vor einem Haus auf dem Steinpflaster - Einige spielen Gitarre, Mundharmonika und Akkordeon (1913)",1913,Europa,CH,,,,
450,Sozarch_F_5000-Fx-475,"Gruppenporträt der ""Oerlikoner Wandervögel"" (1914)",1914,Europa,CH,ZH,"Zürich,",,
451,Sozarch_F_5000-Fx-476,"Unser Büdeli: Wohnzimmer mit Blumestrauss auf dem Tisch, Gitarre und einem aufgehängten Kerzenleuchter (1918)",1918,Europa,CH,,,,
452,Sozarch_F_5000-Fx-477,Wandervögel liegen oder stehen auf der Wiese in der Nähe eines Waldes (1918),1918,Europa,CH,,,,
453,Sozarch_F_5000-Fx-478,Wandervögel sitzen auf der Wiese und essen aus ihren Essnäpfen (1926),1926,Europa,CH,,,,
454,Sozarch_F_5000-Fx-479,Die Küchenmannschaft der Wandervogel-Landsgemeinde Steinmaur (Heitliberg) (1915),1915,Europa,CH,ZH,Steinmaur,676630,261426
455,Sozarch_F_5000-Fx-482,"Beschriftung auf der Fotografie: ""Landsgemeinde 1911 Abfahrt v. Zürich"" - Zwei geladene Schiffe auf dem Zürichsee - Vier Kinder steh",1911,Europa,CH,ZH,"Zürich,",,
456,Sozarch_F_5000-Fx-483,"Wandervögel sitzen auf der Wiese, am Rand eines Schotterwegs (1910)",1910,Europa,CH,,,,
457,Sozarch_F_5000-Fx-484,"Gruppenporträt der Wandervögel, vermutlich während einer Wanderung (1914)",1914,Europa,CH,,,,
458,Sozarch_F_5000-Fx-485,OG Turicum? Gruppenporträt der Wandervögel: Ein Wandervogel einen Feldstecher tragend (1914),1914,Europa,CH,ZH,"Zürich,",,
459,Sozarch_F_5000-Fx-486,Wandervögel sitzen und stehen am Ufer eines Wasserlaufs (vermutlich) (1920),1920,Europa,CH,,,,
460,Sozarch_F_5000-Fx-487,Tanzende Wandervögel auf der Wiese (1920),1920,Europa,CH,,,,
461,Sozarch_F_5000-Fx-488,Zwei Frauen am Rudern - Ausflug der akademischen Freischar Zürich (1914),1914,Europa,CH,,,,
462,Sozarch_F_5000-Fx-489,Bei den Leipziger Wandervögeln - Wandervögel laufen auf der Strasse (1915),1915,Europa,GER,Sachsen,Leipzig,,
463,Sozarch_F_5000-Fx-490,Badeffahrt mit den Leipziger Wandervögeln: Nackte Wandervögel am Ufer des Flusses und badende Wandervögel (1915),1915,Europa,GER,Sachsen,Leipzig,,
464,Sozarch_F_5000-Fx-491,Badeffahrt mit den Leipziger Wandervögeln: Nackte Wandervögel kochen auf dem Feuer am Rand eines Waldes (1915),1915,Europa,GER,Sachsen,Leipzig,,
465,Sozarch_F_5000-Fx-492,"Köbi Böckli, verkleidet, Gitarre spielend - Andere Wandervögel sitzen auf der Wiese (vermutlich als Zuschauer der gespielten Oper) (",1932,Europa,CH,TG,,,
466,Sozarch_F_5000-Fx-493,"Wandervögel am Wandervogel-Gautag am Nussbaumersee - Kleingruppe Wandervögel: Ein Junge eine Mandoline tragend, zwei Mädchen einen K",1932,Europa,CH,TG,,,
467,Sozarch_F_5000-Fx-494,Fritz Kamm (vermutlich) aus einem Buch lesend (Juni 1932),1932,Europa,CH,TG,,,
468,Sozarch_F_5000-Fx-495,Wandervögel sitzen auf der Burgruine Hälfenberg (vermutlich) - Ein Wandervogel Gitarre spielend (Juni 1932),1932,Europa,CH,TG,,,
469,Sozarch_F_5000-Fx-496,Verkleidete Wandervögel bei einer Theateraufführung (vermutlich) im Freien (Juni 1932),1932,Europa,CH,TG,,,
470,Sozarch_F_5000-Fx-497,Damals in unserer Hütte (Holzegg) - Wandervogel Gitarre spielend und andere Wandervögel mitsingend (vermutlich) (1932),1932,Europa,CH,SZ,Alpthal,697032,214091
471,Sozarch_F_5000-Fx-498,Nackter Wandervogel mit einem Strohrock tanzend (vermutlich) - Im Hintergrund ist ein parkiertes Velo sichtbar (Juni 1932),1932,Europa,CH,TG,,,
472,Sozarch_F_5000-Fx-499,Wandervögel sitzen auf der Wiese bei einer Mahlzeit in Redlikon (zum Teil mit Essnäpfen) (April 1932),1932,Europa,CH,ZH,Stäfa,697854,232809
473,Sozarch_F_5000-Fx-500,Walter Rühle im Kreise der Wandervögel,1931-1940,Europa,CH,,,,
474,Sozarch_F_5000-Fx-501,Versammelte Wandervögel an der Wandervogel-Landsgemeinde in Agasul (Pfingsten 1927),1927,Europa,CH,ZH,Illnau-E,,
475,Sozarch_F_5000-Fx-502,Tanzende Wandervögel auf der Wiese,1931-1940,Europa,CH,,,,
476,Sozarch_F_5000-Fx-503,Versammelte Wandervögel an der Wandervogel-Landsgemeinde in Islisberg - Zwei Wandervögel spielen Geige (1928),1928,Europa,CH,AG,Islisberg,675645,241777
477,Sozarch_F_5000-Fx-504,Wandervögel an der Wandervogel-Landsgemeinde in Islisberg tragen die Fahnen der verschiedenen Ortsgruppen (vermutlich) (1928),1928,Europa,CH,AG,Islisberg,675645,241777
478,Sozarch_F_5000-Fx-505,Wandervögel an der Wandervogel-Landsgemeinde in Kimenhof bei Embrach sitzen oder liegen auf der Wiese am Rand eines Waldes (Pfingste,1929,Europa,CH,ZH,Embrach,687140,261806
479,Sozarch_F_5000-Fx-506,Wandervogel-Landsgemeinde in Kimenhof bei Embrach - Wandervogel einen Hundekeks einem Hund gebend - Der Hund auf seinen Hinterpfoten,1929,Europa,CH,ZH,Embrach,687140,261806
480,Sozarch_F_5000-Fx-507,Versammelte Wandervögel sitzen auf der Wiese während der Wandervogel-Landsgemeinde in Hombrechtikon (1930),1930,Europa,CH,ZH,Hombrechtikon,700313,234409
481,Sozarch_F_5000-Fx-508,Wandervogel-Landsgemeinde in Hombrechtikon - Wandervögel beim Brunnen (1930),1930,Europa,CH,ZH,Hombrechtikon,700313,234409
482,Sozarch_F_5000-Fx-509,Wandervogel-Landsgemeinde in Hombrechtikon - Wandervögel auf einem Schotterweg - Radfahrerin (1930),1930,Europa,CH,ZH,Hombrechtikon,700313,234409
483,Sozarch_F_5000-Fx-510,Wandervogel-Landsgemeinde in Hombrechtikon - Ein Wandervogel einen für einen Kampf ausgerüsteten Wandervogel auf den eigenen Schulte,1930,Europa,CH,ZH,Hombrechtikon,700313,234409
484,Sozarch_F_5000-Fx-511,Versammelte Wandervögel (zum Teil beim Geige und Gitarre Spielen) an der Wandervogel-Landsgemeinde bei Knonau (1931),1931,Europa,CH,ZH,Knonau,677402,230822
485,Sozarch_F_5000-Fx-512,Wandervögel sitzen auf der Wiese während der Wandervogel-Landsgemeinde in Rümlang - Im Hintergrund sind die Fahnen (vermutlich der u,1932,Europa,CH,ZH,Rümlang,682507,256231
486,Sozarch_F_5000-Fx-513,Wandervögel unterhalten sich während der Wandervogel-Landsgemeinde in Rümlang (1932),1932,Europa,CH,ZH,Rümlang,682507,256231
487,Sozarch_F_5000-Fx-514,Wandervogel-Landsgemeinde in Rümlang - Wandervögel sitzen auf Holzbänken auf der Wiese (1932),1932,Europa,CH,ZH,Rümlang,682507,256231
488,Sozarch_F_5000-Fx-515,Wandervogel-Landsgemeinde in Rümlang - Lagerfeuer (vermutlich) (1932),1932,Europa,CH,ZH,Rümlang,682507,256231
489,Sozarch_F_5000-Fx-516,Versammelte Wandervögel an der Wandervogel-Landsgemeinde in Brütten (1933),1933,Europa,CH,ZH,Brütten,693140,258880
490,Sozarch_F_5000-Fx-517,1. Sommerfahrt: Zwei lachende und spielende (vermutlich) Wandervögel (1928),1928,Europa,CH,,,,
491,Sozarch_F_5000-Fx-518,2. Sommerfahrt: Wandervögel mit Rucksäcken sitzen auf einem Steinmauer (1929),1929,Europa,CH,,,,
492,Sozarch_F_5000-Fx-519,"2. Sommerfahrt: Zwei Wandervögel sitzen vor einer Hütte, ein Wandervogel aus der Feldflasche trinkend (1929)",1929,Europa,CH,,,,
493,Sozarch_F_5000-Fx-520,2. Sommerfahrt: Wandervögel waschen ihre Essnäpfe und das Geschirr in einer Schüssel auf dem Tisch im Freien - Ein Wandervogel Gitar,1929,Europa,CH,,,,
494,Sozarch_F_5000-Fx-521,3. Fahrt nach Anwil: Wandervögel laufen auf der Wiese und tragen Rücksäcke - Telefonleitungsmasten (1929),1929,Europa,CH,BL,Anwil,638149,255650
495,Sozarch_F_5000-Fx-522,3. Fahrt nach Anwil: Wandervögel spielen mit dem Schnee (vermutlich Schneeballschlacht) (1929),1929,Europa,CH,BL,Anwil,638149,255650
496,Sozarch_F_5000-Fx-523,Wandervogel-Ferienwoche in Fägswil - Wandervögel posieren auf der Wiese für die fotografierende Person (1928),1928,Europa,CH,ZH,Rüti,,
497,Sozarch_F_5000-Fx-524,"Wandervogel-Ferienwoche in Fägswil - Rennende Wandervögel auf der Wiese, in der Nähe eines Waldes (vermutlich beim Spielen) (1928)",1928,Europa,CH,ZH,Rüti,,
498,Sozarch_F_5000-Fx-525,Vogelperspektiveaufnahme: Versammelte Wandervögel bilden einen Halbkreis auf der Wiese während der Singwoche in Rüdlingen - Ein Wand,1929,Europa,CH,SH,Rüdlingen,685283,270447
499,Sozarch_F_5000-Fx-526,Herbstreffen am Greifensee - Abfahrt eines Rennsports (1931),1931,Europa,CH,ZH,Greifensee,693539,246754
500,Sozarch_F_5000-Fx-527,Herbstreffen am Greifensee: In weiss angekleideten Mädchen tanzen auf der Wiese (1931),1931,Europa,CH,ZH,Greifensee,693539,246754
501,Sozarch_F_5000-Fx-528,Herbstreffen am Greifensee: In weiss angekleideten Mädchen tanzen auf der Wiese (1931),1931,Europa,CH,ZH,Greifensee,693539,246754
502,Sozarch_F_5000-Fx-529,Wandervögel sitzen auf der Wiese bei Gäbris - Drei Wandervögel spielen Geige - Gitarre auf der Wiese legend (Sommer 1929),1929,Europa,CH,AR,,,
503,Sozarch_F_5000-Fx-530,Wandervogel-Skilager Rothenfluh - Wandervögel auf dem Schnee mit den Skis (1932),1932,Europa,CH,,,,
504,Sozarch_F_5000-Fx-531,Auf Brunegg: Wandervögel essen aus ihren Essnäpfen oder aus der Pfanne (Herbst 1910),1910,Europa,CH,AG,Brunegg,658731,252306
505,Sozarch_F_5000-Fx-532,Wetter in den Vogesen: Rast (vermutlich) der wandernden Wandervögel in der Nähe eines Wegweisers (Frühling 1909),1909,Europa,FRA,,,,
506,Sozarch_F_5000-Fx-533,Wandernde Wandervögel auf den Lägern (1910),1910,Europa,CH,,,,
507,Sozarch_F_5000-Fx-534,Bataillon auf Rigi - Gruppenporträt der Wandervögel (1910),1910,Europa,CH,SZ,,,
508,Sozarch_F_5000-Fx-535,Der grüne Hüttenwart - Vier Wandervögel sitzen oder liegen auf der Wiese unter den Bäumen - Rund herum ist die Wiese verschneit - Wi,1910,Europa,CH,,,,
509,Sozarch_F_5000-Fx-536,Wandervögel laufen auf dem Schnee beim Risetenpass (1909),1909,Europa,CH,GL,,,
510,Sozarch_F_5000-Fx-537,Risetenpass und seine Bezwinger. Rastende Wandervögel (vermutlich bei einer Mahlzeit) (1909),1909,Europa,CH,GL,,,
511,Sozarch_F_5000-Fx-538,Wandervögel (mit Rücksäcken) auf Tour im Bergell - Im Hintergrund ist ein Wasserfall sichtbar (1912),1912,Europa,CH,GR,Ital,,
512,Sozarch_F_5000-Fx-539,Römmer [Römer] und seine Geschwister - Erwachsene und Kinder sitzen auf Steinen in einem Wald (vermutlich aus einer privaten Fotosam,1912,Europa,CH,,,,
513,Sozarch_F_5000-Fx-540,Gruppenporträt von posierenden Kindern und Frauen (vermutlich aus einer privaten Fotosammlung) (1910),1910,Europa,CH,,,,
514,Sozarch_F_5000-Fx-541,Schwahn das erste Wandervogel Opfer Einzelporträt eines Mannes ein Buch in den Händen tragend (1910),1910,Europa,CH,,,,
515,Sozarch_F_5000-Fx-542,Zwei Kinder in einem Feld bei Bassersdorf (1912),1912,Europa,CH,ZH,Bassersdorf,689694,255515
516,Sozarch_F_5000-Fx-543,Zindlenspitz Am Quell - Rastende Wandervögel während einer Wanderung - Ein Wandervogel die Hände in einem Brunnen legend (1912),1912,Europa,CH,"Glarus, Kanton",,,
517,Sozarch_F_5000-Fx-544,Wandervögel Kränzchen Egelsee Rastende Wandervögel sitzen in einem Feld (1912),1912,Europa,CH,,,,
518,Sozarch_F_5000-Fx-545,Auf Brunegg - Wandervögel kochen auf dem Feuer (1911),1911,Europa,CH,AG,Brunegg,658731,252306
519,Sozarch_F_5000-Fx-546,Koch-Idyll auf dem Etzel - Wandervögel kochen auf dem Feuer (1912),1912,Europa,CH,SZ,,,
520,Sozarch_F_5000-Fx-547,Mit vollen Bäuchen Drusberg - Rastende Wandervögel (vermutlich während einer Wanderung auf dem Drusberg) (1912),1912,Europa,CH,SZ,,,
521,Sozarch_F_5000-Fx-548,Wandervögel klettern auf dem Uri-Rotstock (1913),1913,Europa,CH,UR,,,
522,Sozarch_F_5000-Fx-549,Auf dem Diethelm (?) Blick Glärnisch - Wandervögel sitzen auf einem Gipfel (1910),1910,Europa,CH,SZ,,,
523,Sozarch_F_5000-Fx-550,"Zwei Wandervögel laufen den Schienen der Eisenbahnlinie ""Centovallina"" entlang - Eisenbahnviadukt - Im Hintergrund ist Intragna mit",1919,Europa,CH,TI,Cavigliano,698859,115637
524,Sozarch_F_5000-Fx-551,Die Trauben von Intragna Wandervögel beim Weinberg (15. September 1919),1919,Europa,CH,TI,Centovalli,,
525,Sozarch_F_5000-Fx-552,Wandervögel am Ufer des Lago Maggiore in Ascona (15. September 1919),1919,Europa,CH,TI,Ascona,702690,112365
526,Sozarch_F_5000-Fx-553,Zwei Wandervögel sitzen bei den Häusern in Aranno (17. September 1919),1919,Europa,CH,TI,Aranno,711089,97278
527,Sozarch_F_5000-Fx-554,Am Luganersee (20. September 1919) - Ein Boot mit Ästen (vermutlich) beladen und zwei rudernde Männer,1919,Europa,CH,TI,,,
528,Sozarch_F_5000-Fx-555,Einzelporträt Robert Hirzel ein gerahmtes Bild in der Hand tragend (1920),,,,,,,
529,Sozarch_F_5000-Fx-556,Versammelte Wandervögel an einer Wandervogel-Landsgemeinde (vermutlich bei einem Schloss),1911-1920,Europa,CH,,,,
530,Sozarch_F_5000-Fx-557,Versammelte Wandervögel vor einem Gebäude,1911-1920,Europa,CH,,,,
531,Sozarch_F_5000-Fx-558,Versammelte Deutsche Wandervögel in Kronach (Pfingsten 1920),1920,Europa,GER,Bayern,Kronach,,
532,Sozarch_F_5000-Fx-559,"Radaukapelle fürs grosse Wecken (mit Geigen, Gitarren und Trommeln) - Deutsche Wandervögel in Kronach (Pfingsten 1920)",1920,Europa,GER,Bayern,Kronach,,
533,Sozarch_F_5000-Fx-560,Festzug vor dem Bamberger Tor - Deutsche Wandervögel in Kronach - Radfahrer auf der Strasse (Pfingsten 1920),1920,Europa,GER,Bayern,Kronach,,
534,Sozarch_F_5000-Fx-561,Der Sanitätswagen:Holzkarren und Rotes Kreuzs Flagge (vermutlich) - Deutsche Wandervögel in Kronach (Pfingsten 1920),1920,Europa,GER,Bayern,Kronach,,
535,Sozarch_F_5000-Fx-563,Polla zu Hosverlorn und Glünggi von Hosladow beim Soldatenschlamm - Wandervögel sitzen am Tisch und essen aus ihren Essnäpfen (1920),1920,Europa,CH,,,,
536,Sozarch_F_5000-Fx-564,"Transer Tobel! - Wandervögel sitzen auf Gestein, am Ufer eines Bachs (1920)",1920,Europa,CH,,,,
537,Sozarch_F_5000-Fx-565,"Da liegst - Gesiegt! Spiel im Freien: Drei Wandervögel tragen auf den eigenen Schultern drei andere Wandervögel, welche einen Kampf",1920,Europa,CH,,,,
538,Sozarch_F_5000-Fx-566,Wandervögel bilden einen Menschenturm auf der Wiese (1920),1920,Europa,CH,,,,
539,Sozarch_F_5000-Fx-567,Schutz vor kaltem Regen - Grossaufnahme von im Wald liegenden Wandervögeln (1920),1920,Europa,CH,,,,
540,Sozarch_F_5000-Fx-568,Bei Furna - Auf der Hüttensuche - Zwei Wandervögel laufen auf dem Schnee (1920),1920,Europa,CH,GR,Furna,770569,200865
541,Sozarch_F_5000-Fx-569,Holzfuhr zum Strassberg - Vieh (vermutlich Ochse) mit Holz geladene Schlitten auf dem Schnee hinter sich herziehend - Eine Person au,1920,Europa,CH,GR,,,
542,Sozarch_F_5000-Fx-570,In der Reckholderhütte: Wandervögel sitzen am Tisch während einer Mahlzeit (Essnäpfe und Pfanne auf dem Tisch) (1920),1920,Europa,CH,GR,,,
543,Sozarch_F_5000-Fx-571,In den Reckholdern: Rastende Wandervögel auf dem Schnee mit den Skis und mit den Rucksäcken (1920),1920,Europa,CH,GR,,,
544,Sozarch_F_5000-Fx-572,Auf der Wasserscheide: Wandervögel sitzen auf Gestein in den Bergen (1920),1920,Europa,CH,,,,
545,Sozarch_F_5000-Fx-573,Wandervögel stehen auf einem Wassermühlenrad (1920),1920,Europa,CH,,,,
546,Sozarch_F_5000-Fx-574,"Wandervögel sitzen bei einem Holzkreuz (Holzkruzifix), vermutlich auf einem Gipfel in den Bergen (1920)",1920,Europa,CH,,,,
547,Sozarch_F_5000-Fx-575,Wandervögel in der Nähe einer Hütte (vermutlich) kochen auf dem Feuer (vermutlich) (1920),1920,Europa,CH,,,,
548,Sozarch_F_5000-Fx-576,Wandervogel auf einem Pfad laufend (1920),1920,Europa,CH,,,,
549,Sozarch_F_5000-Fx-577,"Wandervogel-Landsgemeinde in Kimenhof bei Embrach - Kleingruppe von Wandervögeln vor einem Gebäude, zwei Wandervögel essen aus ihren",1929,Europa,CH,ZH,Embrach,687140,261806
550,Sozarch_F_5000-Fx-578,Wandervogel-Landsgemeinde in Kimenhof bei Embrach - Versammelte Wandervögel im Wald - Flagge mit dem Piratensymbol (Pfingsten 1929),1929,Europa,CH,ZH,Embrach,687140,261806
551,Sozarch_F_5000-Fx-579,Wandervogel-Landsgemeinde in Kimenhof bei Embrach - Gruppenporträt der Wandervögel vor einem Gebäude - Flagge mit dem Piratensymbol,1929,Europa,CH,ZH,Embrach,687140,261806
552,Sozarch_F_5000-Fx-580,Wandervogel-Landsgemeinde in Kimenhof bei Embrach - Wandervögel spielen Gitarre und Ukulele; andere Wandervögel zuschauend (Pfingste,1929,Europa,CH,ZH,Embrach,687140,261806
553,Sozarch_F_5000-Fx-581,Wandervogel-Landsgemeinde (vermutlich in Hombrechtikon): Versammelte Wandervögel sitzen auf der Wiese vor dem Tisch der Landsgemeind,1930,Europa,CH,ZH,Hombrechtikon,700313,234409
554,Sozarch_F_5000-Fx-582,Bündner Sommerfahrt: Zwei Wandervögel mit Rucksäcken laufen auf einem Schotterweg (1930),1930,Europa,CH,GR,,,
555,Sozarch_F_5000-Fx-583,Fahrt ins Bündnerland - Zwei Wandervögel mit Rucksäcken wandern im Nationalpark (Val Cluozza) (1930),1930,Europa,CH,GR,Zernez,803145,175446
556,Sozarch_F_5000-Fx-584,"Fahrt ins Bündnerland: ""Flüelastrassentippel"" (zwei wandernde Wandervögel) - Holzkarren (1930)",1930,Europa,CH,GR,,,
557,Sozarch_F_5000-Fx-585,Fahrt ins Bündnerland: Das Wandervögel-Gruppenporträt bei Zernez (1930),1930,Europa,CH,GR,Zernez,803145,175446
558,Sozarch_F_5000-Fx-586,Sommerfahrt: Bündner Familie in Sulsana (=Susauna/Engadin?) (1929),1929,Europa,CH,GR,,,
559,Sozarch_F_5000-Fx-587,Ein Jass in Bergeshöhe während einer Sommerfahrt - Kartenspielen (1929),1929,Europa,CH,GR,,,
560,Sozarch_F_5000-Fx-588,"Wandern in den Bergen: Bochschingel und Teufelsstöcke, ganz rechts Speichstock [Tüfels Stöck, Bocktschingel] - Ein Gletscher sichtba",1931-1940,Europa,CH,"Glarus, Kanton",,,
561,Sozarch_F_5000-Fx-589,"Wandernder Wandervogel in den Bergen - Piz Sardona, Piz Segnes, Martinsloch und die Tschingelhörner vom Fusse des Zwölfihornes aus (",1931-1940,Europa,CH,"Glarus, Kanton",,,
562,Sozarch_F_5000-Kx-017,Wandervogel-Landsgemeinde bei Steinmaur (Heitliberg) - Abstimmende Wandervögel sitzen auf der Wiese (1915),1915,Europa,CH,ZH,Steinmaur,676630,261426
563,Sozarch_F_5000-Kx-223,"Eintrittskarte zur Wandervogel-Landsgemeinde (vermutlich Wandervogel-Landsgemeinde in Kimenhof bei Embrach, Pfingsten 1929)",1929,Europa,CH,ZH,Embrach,687140,261806
564,Sozarch_F_5000-Nx-441,Hütten-Usrumete Prestenburg - Wandervögel vor der Hütte (1938),1938,Europa,CH,,,,
565,Sozarch_F_5000-Nx-442,Hütten-Usrumete Prestenburg - Wandervögel vor der Hütte (1938),1938,Europa,CH,,,,
566,Sozarch_F_5000-Nx-443,Hütten-Usrumete Prestenburg - Wandervogel Wasser am Brunnen holend (vermutlich) (1938),1938,Europa,CH,,,,
567,Sozarch_F_5000-Nx-444,Hütten-Usrumete Prestenburg - Wandervögel stehen oder sitzen auf der Wiese hinter der Hütte (1938),1938,Europa,CH,,,,
568,Sozarch_F_5000-Nx-446,Ostschweizer Wandervögel unterhalten sich (vermutlich) unter den Ästen eines Baumes (um 1938),1931-1940,Europa,CH,,,,
569,Sozarch_F_5000-Nx-447,Eine Fahrt zusammen mit den Flawilern auf den Speer - Wandervögel sitzen auf dem Gipfel (1938),1938,Europa,CH,,Speer,,
570,Sozarch_F_5000-Nx-448,Eine Fahrt zusammen mit den Flawilern auf den Speer - Rastende Wandervögel mit Ziegen (1938),1938,Europa,CH,,Speer,,
571,Sozarch_F_5000-Nx-449,Eine Fahrt zusammen mit den Flawilern auf den Speer - Rastende Wandervögel während der Wanderung (1938),1938,Europa,CH,,Speer,,
572,Sozarch_F_5000-Nx-450,Eine Fahrt zusammen mit den Flawilern auf den Speer - Wandervogel vor einer Hütte stehend - Ziege (1938),1938,Europa,CH,,Speer,,
573,Sozarch_F_5000-Nx-451,Skihütte Ober Altberg Jbergeregg (sic) - Altwandervogel vor der Hütte auf dem Schnee - Mit Gepäck beladener Schlitten (vermutlich) (,1944,Europa,CH,SZ,,,
574,Sozarch_F_5000-Nx-452,Teilansicht der Skihütte Ober Altberg Jbergeregg (sic) in Winterstimmung (1944),1944,Europa,CH,SZ,,,
575,Sozarch_F_5000-Nx-454,Treffen von Wandervögeln am Walensee - Mahlzeit auf der Wiese (1938),1938,Europa,CH,SG,,,
576,Sozarch_F_5000-Nx-455,Hütten-Usrumete Prestenburg - Wandervögel vor der Hütte (1938),1938,Europa,CH,,,,
577,Sozarch_F_5000-Nx-456,Hütten-Usrumete Prestenburg - Wandervögel vor der Hütte (1938),1938,Europa,CH,,,,
578,Sozarch_F_5000-Nx-457,Treffen von Wandervögeln am Walensee - Wandervögel sitzen oder stehen vor einem Bauernhof - Heuhaufen (1938),1938,Europa,CH,SG,,,
579,Sozarch_F_5000-Px-005,"Wandervogel-Landsgemeinde: Auflistung der Veranstaltungen für die ""Abigunterhaltig"" (1911)",1911,Europa,CH,SG,Rapp,,
580,Sozarch_F_5000-Px-274,Erster Briefkopf des Schweizer Wandervogels (1920),1920,Europa,CH,,,,
581,Sozarch_F_5000-Px-480,"Abgebildete ""Wandervögel"" beim Haar waschen am Brunnen und beim Sitzen auf einer Holztreppe (1918)",1918,Europa,CH,,,,
582,Sozarch_F_5000-Zx-073,Schweizer Wandervogel Landsgemeinde Beinwiel [sic] - Kleine Plakate mit dem Ablauf der Landsgemeinde (1939),1939,Europa,CH,AG,Beinwil am See,658256,235184
583,Sozarch_F_5000-Zx-481,Zeichnung aus der Sammlung von Gottfried Grieshaber (Wandervogelarchiv): Wandervogel eine Balalaika spielend (1918),1918,Europa,CH,,,,
584,Sozarch_F_5000-Zx-562,Abbildung eines Wandervogels Blockflöte spielend (1920),1920,Europa,CH,,,,
585,Sozarch_F_5000-Zx-590,Drucke/Linolschnitte Wandervogel: Abbildung des Wandervogellogos (vermutlich) (1954),1954,Europa,CH,,,,
586,Sozarch_F_5000-Zx-591,Drucke/Linolschnitte Wandervogel: Abbildung einer Kirche,1954,Europa,CH,,,,
587,Sozarch_F_5000-Zx-592,Drucke/Linolschnitte Wandervogel: Abbildung des Christkindes und der Jungfrau,1954,Europa,CH,,,,
588,Sozarch_F_5000-Zx-593,Drucke/Linolschnitte Wandervogel: Abbildung eines Harlekins,1954,Europa,CH,,,,
589,Sozarch_F_5000-Zx-594,Drucke/Linolschnitte Wandervogel: Abbildung eines Sees,1954,Europa,CH,,,,
590,Sozarch_F_5000-Zx-595,"Drucke/Linolschnitte Wandervogel: Abbildung einer Brücke, eines Flusses und eines laufenden Mannes",1954,Europa,CH,,,,
591,Sozarch_F_5000-Zx-596,Drucke/Linolschnitte Wandervogel: Abbildung eines Schiffes in einem See (vermutlich),1954,Europa,CH,,,,
592,Sozarch_F_5000-Zx-597,Drucke/Linolschnitte Wandervogel: Abbildung fliegender Vögel,1954,Europa,CH,,,,
593,Sozarch_F_5000-Zx-598,Drucke/Linolschnitte Wandervogel: Abbildung einer Schale mit Früchten,1954,Europa,CH,,,,
594,Sozarch_F_5000-Zx-599,Drucke/Linolschnitte Wandervogel: Abbildung eines Sees in Nachtstimmung (Mond),1954,Europa,CH,,,,
595,Sozarch_F_5000-Zx-600,Drucke/Linolschnitte Wandervogel: Abbildung des Christi und zweier Betenden,1954,Europa,CH,,,,
596,Sozarch_F_5000-Zx-601,Drucke/Linolschnitte Wandervogel: Abbildung eines Waldes (vermutlich),1954,Europa,CH,,,,
597,Sozarch_F_5000-Zx-602,Drucke/Linolschnitte Wandervogel: Abbildung fünfer Uhus oder Käuze,1954,Europa,CH,,,,
